DateS;Date;;ACWI_Net;USDPLN;ACWI_Net_PLN;CPI USA;CPI PLN
Dec 30, 1972;1972-12-01;1972-12-31;;;;17,9312;
Jan 29, 1973;1973-01-01;1973-01-31;;;;17,9734;
Feb 29, 1973;1973-02-01;1973-02-28;;;;18,1000;
Mar 31, 1973;1973-03-01;1973-03-31;;;;18,2687;
Apr 29, 1973;1973-04-01;1973-04-30;;;;18,3953;
May 31, 1973;1973-05-01;1973-05-31;;;;18,5219;
Jun 30, 1973;1973-06-01;1973-06-30;;;;18,6485;
Jul 29, 1973;1973-07-01;1973-07-31;;;;18,6906;
Aug 31, 1973;1973-08-01;1973-08-31;;;;19,0282;
Sep 30, 1973;1973-09-01;1973-09-30;;;;19,0704;
Oct 31, 1973;1973-10-01;1973-10-31;;;;19,2391;
Nov 30, 1973;1973-11-01;1973-11-30;;;;19,3657;
Dec 30, 1973;1973-12-01;1973-12-31;;;;19,4923;
Jan 29, 1974;1974-01-01;1974-01-31;;;;19,6610;
Feb 29, 1974;1974-02-01;1974-02-28;;;;19,9142;
Mar 31, 1974;1974-03-01;1974-03-31;;;;20,1673;
Apr 29, 1974;1974-04-01;1974-04-30;;;;20,2517;
May 31, 1974;1974-05-01;1974-05-31;;;;20,5049;
Jun 30, 1974;1974-06-01;1974-06-30;;;;20,6736;
Jul 29, 1974;1974-07-01;1974-07-31;;;;20,8424;
Aug 31, 1974;1974-08-01;1974-08-31;;;;21,0955;
Sep 30, 1974;1974-09-01;1974-09-30;;;;21,3487;
Oct 31, 1974;1974-10-01;1974-10-31;;;;21,5596;
Nov 30, 1974;1974-11-01;1974-11-30;;;;21,7284;
Dec 30, 1974;1974-12-01;1974-12-31;;;;21,8972;
Jan 29, 1975;1975-01-01;1975-01-31;;;;21,9816;
Feb 29, 1975;1975-02-01;1975-02-28;;;;22,1503;
Mar 31, 1975;1975-03-01;1975-03-31;;;;22,2347;
Apr 29, 1975;1975-04-01;1975-04-30;;;;22,3191;
May 31, 1975;1975-05-01;1975-05-31;;;;22,4457;
Jun 30, 1975;1975-06-01;1975-06-30;;;;22,6144;
Jul 29, 1975;1975-07-01;1975-07-31;;;;22,8676;
Aug 31, 1975;1975-08-01;1975-08-31;;;;22,9098;
Sep 30, 1975;1975-09-01;1975-09-30;;;;23,0363;
Oct 31, 1975;1975-10-01;1975-10-31;;;;23,1629;
Nov 30, 1975;1975-11-01;1975-11-30;;;;23,3317;
Dec 30, 1975;1975-12-01;1975-12-31;;;;23,4160;
Jan 29, 1976;1976-01-01;1976-01-31;;;;23,4582;
Feb 29, 1976;1976-02-01;1976-02-29;;;;23,5426;
Mar 31, 1976;1976-03-01;1976-03-31;;;;23,5848;
Apr 29, 1976;1976-04-01;1976-04-30;;;;23,6692;
May 31, 1976;1976-05-01;1976-05-31;;;;23,8380;
Jun 30, 1976;1976-06-01;1976-06-30;;;;23,9645;
Jul 29, 1976;1976-07-01;1976-07-31;;;;24,0911;
Aug 31, 1976;1976-08-01;1976-08-31;;;;24,2177;
Sep 30, 1976;1976-09-01;1976-09-30;;;;24,3021;
Oct 31, 1976;1976-10-01;1976-10-31;;;;24,4286;
Nov 30, 1976;1976-11-01;1976-11-30;;;;24,4708;
Dec 30, 1976;1976-12-01;1976-12-31;;;;24,5552;
Jan 29, 1977;1977-01-01;1977-01-31;;;;24,6818;
Feb 29, 1977;1977-02-01;1977-02-28;;;;24,9349;
Mar 31, 1977;1977-03-01;1977-03-31;;;;25,1037;
Apr 29, 1977;1977-04-01;1977-04-30;;;;25,3146;
May 31, 1977;1977-05-01;1977-05-31;;;;25,4412;
Jun 30, 1977;1977-06-01;1977-06-30;;;;25,6100;
Jul 29, 1977;1977-07-01;1977-07-31;;;;25,7366;
Aug 31, 1977;1977-08-01;1977-08-31;;;;25,8209;
Sep 30, 1977;1977-09-01;1977-09-30;;;;25,9053;
Oct 31, 1977;1977-10-01;1977-10-31;;;;25,9897;
Nov 30, 1977;1977-11-01;1977-11-30;;;;26,1163;
Dec 30, 1977;1977-12-01;1977-12-31;;;;26,2007;
Jan 29, 1978;1978-01-01;1978-01-31;;;;26,3694;
Feb 29, 1978;1978-02-01;1978-02-28;;;;26,5382;
Mar 31, 1978;1978-03-01;1978-03-31;;;;26,7491;
Apr 29, 1978;1978-04-01;1978-04-30;;;;26,9601;
May 31, 1978;1978-05-01;1978-05-31;;;;27,2132;
Jun 30, 1978;1978-06-01;1978-06-30;;;;27,5086;
Jul 29, 1978;1978-07-01;1978-07-31;;;;27,7195;
Aug 31, 1978;1978-08-01;1978-08-31;;;;27,8461;
Sep 30, 1978;1978-09-01;1978-09-30;;;;28,0571;
Oct 31, 1978;1978-10-01;1978-10-31;;;;28,3102;
Nov 30, 1978;1978-11-01;1978-11-30;;;;28,4368;
Dec 30, 1978;1978-12-01;1978-12-31;;;;28,5634;
Jan 29, 1979;1979-01-01;1979-01-31;;;;28,8165;
Feb 29, 1979;1979-02-01;1979-02-28;;;;29,1540;
Mar 31, 1979;1979-03-01;1979-03-31;;;;29,4494;
Apr 29, 1979;1979-04-01;1979-04-30;;;;29,7869;
May 31, 1979;1979-05-01;1979-05-31;;;;30,1666;
Jun 30, 1979;1979-06-01;1979-06-30;;;;30,5041;
Jul 29, 1979;1979-07-01;1979-07-31;;;;30,8417;
Aug 31, 1979;1979-08-01;1979-08-31;;;;31,1370;
Sep 30, 1979;1979-09-01;1979-09-30;;;;31,4745;
Oct 31, 1979;1979-10-01;1979-10-31;;;;31,7277;
Nov 30, 1979;1979-11-01;1979-11-30;;;;32,0230;
Dec 30, 1979;1979-12-01;1979-12-31;;;;32,3606;
Jan 29, 1980;1980-01-01;1980-01-31;;;;32,8247;
Feb 29, 1980;1980-02-01;1980-02-29;;;;33,2888;
Mar 31, 1980;1980-03-01;1980-03-31;;;;33,7950;
Apr 29, 1980;1980-04-01;1980-04-30;;;;34,1748;
May 31, 1980;1980-05-01;1980-05-31;;;;34,5123;
Jun 30, 1980;1980-06-01;1980-06-30;;;;34,8920;
Jul 29, 1980;1980-07-01;1980-07-31;;;;34,8920;
Aug 31, 1980;1980-08-01;1980-08-31;;;;35,1452;
Sep 30, 1980;1980-09-01;1980-09-30;;;;35,4405;
Oct 31, 1980;1980-10-01;1980-10-31;;;;35,7780;
Nov 30, 1980;1980-11-01;1980-11-30;;;;36,0734;
Dec 30, 1980;1980-12-01;1980-12-31;;;;36,4109;
Jan 29, 1981;1981-01-01;1981-01-31;;;;36,7062;
Feb 29, 1981;1981-02-01;1981-02-28;;;;37,0860;
Mar 31, 1981;1981-03-01;1981-03-31;;;;37,3391;
Apr 29, 1981;1981-04-01;1981-04-30;;;;37,5922;
May 31, 1981;1981-05-01;1981-05-31;;;;37,8876;
Jun 30, 1981;1981-06-01;1981-06-30;;;;38,2251;
Jul 29, 1981;1981-07-01;1981-07-31;;;;38,6470;
Aug 31, 1981;1981-08-01;1981-08-31;;;;38,9424;
Sep 30, 1981;1981-09-01;1981-09-30;;;;39,3221;
Oct 31, 1981;1981-10-01;1981-10-31;;;;39,4065;
Nov 30, 1981;1981-11-01;1981-11-30;;;;39,5330;
Dec 30, 1981;1981-12-01;1981-12-31;;;;39,6596;
Jan 29, 1982;1982-01-01;1982-01-31;;;;39,7862;
Feb 29, 1982;1982-02-01;1982-02-28;;;;39,9128;
Mar 31, 1982;1982-03-01;1982-03-31;;;;39,8706;
Apr 29, 1982;1982-04-01;1982-04-30;;;;40,0393;
May 31, 1982;1982-05-01;1982-05-31;;;;40,4190;
Jun 30, 1982;1982-06-01;1982-06-30;;;;40,9253;
Jul 29, 1982;1982-07-01;1982-07-31;;;;41,1363;
Aug 31, 1982;1982-08-01;1982-08-31;;;;41,2207;
Sep 30, 1982;1982-09-01;1982-09-30;;;;41,3051;
Oct 31, 1982;1982-10-01;1982-10-31;;;;41,4316;
Nov 30, 1982;1982-11-01;1982-11-30;;;;41,3472;
Dec 30, 1982;1982-12-01;1982-12-31;;;;41,1785;
Jan 29, 1983;1983-01-01;1983-01-31;;;;41,2629;
Feb 29, 1983;1983-02-01;1983-02-28;;;;41,3051;
Mar 31, 1983;1983-03-01;1983-03-31;;;;41,3051;
Apr 29, 1983;1983-04-01;1983-04-30;;;;41,6004;
May 31, 1983;1983-05-01;1983-05-31;;;;41,8535;
Jun 30, 1983;1983-06-01;1983-06-30;;;;41,9801;
Jul 29, 1983;1983-07-01;1983-07-31;;;;42,1489;
Aug 31, 1983;1983-08-01;1983-08-31;;;;42,2755;
Sep 30, 1983;1983-09-01;1983-09-30;;;;42,4864;
Oct 31, 1983;1983-10-01;1983-10-31;;;;42,6130;
Nov 30, 1983;1983-11-01;1983-11-30;;;;42,6974;
Dec 30, 1983;1983-12-01;1983-12-31;;;;42,7396;
Jan 29, 1984;1984-01-01;1984-01-31;;;;42,9927;
Feb 29, 1984;1984-02-01;1984-02-29;;;;43,2037;
Mar 31, 1984;1984-03-01;1984-03-31;;;;43,2880;
Apr 29, 1984;1984-04-01;1984-04-30;;;;43,4990;
May 31, 1984;1984-05-01;1984-05-31;;;;43,6256;
Jun 30, 1984;1984-06-01;1984-06-30;;;;43,7521;
Jul 29, 1984;1984-07-01;1984-07-31;;;;43,9209;
Aug 31, 1984;1984-08-01;1984-08-31;;;;44,0897;
Sep 30, 1984;1984-09-01;1984-09-30;;;;44,3006;
Oct 31, 1984;1984-10-01;1984-10-31;;;;44,4272;
Nov 30, 1984;1984-11-01;1984-11-30;;;;44,4272;
Dec 30, 1984;1984-12-01;1984-12-31;;;;44,4272;
Jan 29, 1985;1985-01-01;1985-01-31;;;;44,5116;
Feb 29, 1985;1985-02-01;1985-02-28;;;;44,7225;
Mar 31, 1985;1985-03-01;1985-03-31;;;;44,8913;
Apr 29, 1985;1985-04-01;1985-04-30;;;;45,1023;
May 31, 1985;1985-05-01;1985-05-31;;;;45,2710;
Jun 30, 1985;1985-06-01;1985-06-30;;;;45,3976;
Jul 29, 1985;1985-07-01;1985-07-31;;;;45,4820;
Aug 31, 1985;1985-08-01;1985-08-31;;;;45,5664;
Sep 30, 1985;1985-09-01;1985-09-30;;;;45,6929;
Oct 31, 1985;1985-10-01;1985-10-31;;;;45,8617;
Nov 30, 1985;1985-11-01;1985-11-30;;;;45,9883;
Dec 30, 1985;1985-12-01;1985-12-31;;;;46,1148;
Jan 29, 1986;1986-01-01;1986-01-31;;;;46,2414;
Feb 29, 1986;1986-02-01;1986-02-28;;;;46,1148;
Mar 31, 1986;1986-03-01;1986-03-31;;;;45,9039;
Apr 29, 1986;1986-04-01;1986-04-30;;;;45,8195;
May 31, 1986;1986-05-01;1986-05-31;;;;45,9461;
Jun 30, 1986;1986-06-01;1986-06-30;;;;46,1992;
Jul 29, 1986;1986-07-01;1986-07-31;;;;46,1992;
Aug 31, 1986;1986-08-01;1986-08-31;;;;46,2836;
Sep 30, 1986;1986-09-01;1986-09-30;;;;46,4946;
Oct 31, 1986;1986-10-01;1986-10-31;;;;46,5368;
Nov 30, 1986;1986-11-01;1986-11-30;;;;46,5789;
Dec 30, 1986;1986-12-01;1986-12-31;;;;46,6211;
Jan 29, 1987;1987-01-01;1987-01-31;;;;46,9165;
Feb 29, 1987;1987-02-01;1987-02-28;;;;47,0852;
Mar 31, 1987;1987-03-01;1987-03-31;;;;47,2962;
Apr 29, 1987;1987-04-01;1987-04-30;;;;47,5493;
May 31, 1987;1987-05-01;1987-05-31;;;;47,7181;
Jun 30, 1987;1987-06-01;1987-06-30;;;;47,8869;
Jul 29, 1987;1987-07-01;1987-07-31;;;;48,0134;
Aug 31, 1987;1987-08-01;1987-08-31;;;;48,2666;
Sep 30, 1987;1987-09-01;1987-09-30;;;;48,5197;
Oct 31, 1987;1987-10-01;1987-10-31;;;;48,6463;
Nov 30, 1987;1987-11-01;1987-11-30;;;;48,6885;
Dec 30, 1987;1987-12-01;1987-12-31;100;;;48,6885;
Jan 29, 1988;1988-01-01;1988-01-31;102,4931;;;48,8151;
Feb 29, 1988;1988-02-01;1988-02-29;108,4049;;;48,9416;
Mar 31, 1988;1988-03-01;1988-03-31;111,733;;;49,1526;
Apr 29, 1988;1988-04-01;1988-04-30;113,1387;;;49,4057;
May 31, 1988;1988-05-01;1988-05-31;110,885;;;49,5745;
Jun 30, 1988;1988-06-01;1988-06-30;110,7529;;;49,7855;
Jul 29, 1988;1988-07-01;1988-07-31;112,7848;;;49,9964;
Aug 31, 1988;1988-08-01;1988-08-31;106,5688;;;50,2074;
Sep 30, 1988;1988-09-01;1988-09-30;111,1306;;;50,5449;
Oct 31, 1988;1988-10-01;1988-10-31;118,3833;;;50,7137;
Nov 30, 1988;1988-11-01;1988-11-30;122,3294;;;50,7559;
Dec 30, 1988;1988-12-01;1988-12-31;123,4087;;;50,8402;
Jan 31, 1989;1989-01-01;1989-01-31;127,8293;;;51,0934;
Feb 28, 1989;1989-02-01;1989-02-28;127,0232;;;51,3043;
Mar 31, 1989;1989-03-01;1989-03-31;126,2733;;;51,5997;
Apr 28, 1989;1989-04-01;1989-04-30;129,4011;;;51,9372;
May 31, 1989;1989-05-01;1989-05-31;126,2977;;;52,2325;
Jun 30, 1989;1989-06-01;1989-06-30;124,4941;;;52,3591;
Jul 31, 1989;1989-07-01;1989-07-31;138,5142;;;52,4857;
Aug 31, 1989;1989-08-01;1989-08-31;135,2032;;;52,5701;
Sep 29, 1989;1989-09-01;1989-09-30;139,243;;;52,7388;
Oct 31, 1989;1989-10-01;1989-10-31;134,7085;;;52,9920;
Nov 30, 1989;1989-11-01;1989-11-30;139,9556;;;53,1186;
Dec 29, 1989;1989-12-01;1989-12-31;144,4999;;;53,2029;
Jan 31, 1990;1990-01-01;1990-01-31;137,8072;;;53,7514;
Feb 28, 1990;1990-02-01;1990-02-28;131,9674;;;54,0046;
Mar 30, 1990;1990-03-01;1990-03-31;123,7689;;;54,2999;
Apr 30, 1990;1990-04-01;1990-04-30;122,1662;;;54,3843;
May 31, 1990;1990-05-01;1990-05-31;134,8819;;;54,5109;
Jun 29, 1990;1990-06-01;1990-06-30;133,9225;;;54,8062;
Jul 31, 1990;1990-07-01;1990-07-31;135,2289;;;55,0172;
Aug 31, 1990;1990-08-01;1990-08-31;122,4627;;;55,5235;
Sep 28, 1990;1990-09-01;1990-09-30;109,6184;;;55,9876;
Oct 31, 1990;1990-10-01;1990-10-31;119,6621;;;56,3251;
Nov 30, 1990;1990-11-01;1990-11-30;117,6087;;;56,4517;
Dec 31, 1990;1990-12-01;1990-12-31;120,0992;;;56,4517;
Jan 31, 1991;1991-01-01;1991-01-31;124,4932;;;56,7892;
Feb 28, 1991;1991-02-01;1991-02-28;136,1512;;;56,8736;
Mar 29, 1991;1991-03-01;1991-03-31;132,2975;;;56,9579;
Apr 30, 1991;1991-04-01;1991-04-30;133,3593;;;57,0423;
May 31, 1991;1991-05-01;1991-05-31;136,4961;;;57,2111;
Jun 28, 1991;1991-06-01;1991-06-30;128,119;;;57,3799;
Jul 31, 1991;1991-07-01;1991-07-31;134,1712;;;57,4642;
Aug 30, 1991;1991-08-01;1991-08-31;133,8473;;;57,6330;
Sep 30, 1991;1991-09-01;1991-09-30;137,2028;;;57,8861;
Oct 31, 1991;1991-10-01;1991-10-31;139,5361;;;57,9705;
Nov 29, 1991;1991-11-01;1991-11-30;133,4759;;;58,1393;
Dec 31, 1991;1991-12-01;1991-12-31;143,335;;;58,1815;
Jan 31, 1992;1992-01-01;1992-01-31;141,1349;;;58,2659;
Feb 28, 1992;1992-02-01;1992-02-29;138,9464;;;58,4768;
Mar 31, 1992;1992-03-01;1992-03-31;132,7059;;;58,7722;
Apr 30, 1992;1992-04-01;1992-04-30;134,4326;;;58,8565;
May 29, 1992;1992-05-01;1992-05-31;139,5314;;;58,9409;
Jun 30, 1992;1992-06-01;1992-06-30;134,5005;;;59,1519;
Jul 31, 1992;1992-07-01;1992-07-31;134,8765;;;59,2785;
Aug 31, 1992;1992-08-01;1992-08-31;137,8468;;;59,4472;
Sep 30, 1992;1992-09-01;1992-09-30;136,6172;;;59,6160;
Oct 30, 1992;1992-10-01;1992-10-31;133,2212;;;59,8269;
Nov 30, 1992;1992-11-01;1992-11-30;135,3853;;;59,9113;
Dec 31, 1992;1992-12-01;1992-12-31;136,6119;;;59,8691;
Jan 29, 1993;1993-01-01;1993-01-31;137,0407;;;60,1645;
Feb 26, 1993;1993-02-01;1993-02-28;140,209;;;60,3754;
Mar 31, 1993;1993-03-01;1993-03-31;148,2101;;;60,5864;
Apr 30, 1993;1993-04-01;1993-04-30;154,8825;;;60,7551;
May 31, 1993;1993-05-01;1993-05-31;158,4591;;;60,8395;
Jun 30, 1993;1993-06-01;1993-06-30;157,3677;;;60,9239;
Jul 30, 1993;1993-07-01;1993-07-31;160,5684;;;60,9239;
Aug 31, 1993;1993-08-01;1993-08-31;168,1183;;;61,0927;
Sep 30, 1993;1993-09-01;1993-09-30;165,2322;;;61,2192;
Oct 29, 1993;1993-10-01;1993-10-31;170,0595;;;61,4724;
Nov 30, 1993;1993-11-01;1993-11-30;161,1513;;;61,5146;
Dec 31, 1993;1993-12-01;1993-12-31;169,803;;;61,5146;
Jan 31, 1994;1994-01-01;1994-01-31;180,9962;;;61,6833;
Feb 28, 1994;1994-02-01;1994-02-28;178,3077;;;61,8943;
Mar 31, 1994;1994-03-01;1994-03-31;170,225;;;62,1053;
Apr 29, 1994;1994-04-01;1994-04-30;174,7863;;;62,1896;
May 31, 1994;1994-05-01;1994-05-31;175,747;;;62,2318;
Jun 30, 1994;1994-06-01;1994-06-30;174,8233;;;62,4428;
Jul 29, 1994;1994-07-01;1994-07-31;178,623;;;62,6115;
Aug 31, 1994;1994-08-01;1994-08-31;184,9143;;;62,8647;
Sep 30, 1994;1994-09-01;1994-09-30;180,4983;;;63,0335;
Oct 31, 1994;1994-10-01;1994-10-31;185,0523;;;63,0757;
Nov 30, 1994;1994-11-01;1994-11-30;176,942;;;63,1600;
Dec 30, 1994;1994-12-01;1994-12-31;177,4887;;;63,1600;
Jan 31, 1995;1995-01-01;1995-01-31;173,8062;;;63,4132;
Feb 28, 1995;1995-02-01;1995-02-28;175,5932;;;63,6663;
Mar 31, 1995;1995-03-01;1995-03-31;183,5659;;;63,8773;
Apr 28, 1995;1995-04-01;1995-04-30;190,1693;;;64,0882;
May 31, 1995;1995-05-01;1995-05-31;192,1928;;;64,2148;
Jun 30, 1995;1995-06-01;1995-06-30;192,1586;;;64,3414;
Jul 31, 1995;1995-07-01;1995-07-31;201,3792;;;64,3414;
Aug 31, 1995;1995-08-01;1995-08-31;196,8897;;;64,5101;
Sep 29, 1995;1995-09-01;1995-09-30;202,2279;;;64,6367;
Oct 31, 1995;1995-10-01;1995-10-31;198,7671;;;64,8477;
Nov 30, 1995;1995-11-01;1995-11-30;204,9404;;;64,8055;
Dec 29, 1995;1995-12-01;1995-12-31;211,0298;;;64,7633;
Jan 31, 1996;1996-01-01;1996-01-31;215,6367;;;65,1430;
Feb 29, 1996;1996-02-01;1996-02-29;216,4484;;;65,3540;
Mar 29, 1996;1996-03-01;1996-03-31;219,6941;;;65,6915;
Apr 30, 1996;1996-04-01;1996-04-30;224,9709;;;65,9446;
May 31, 1996;1996-05-01;1996-05-31;225,1137;;;66,0712;
Jun 28, 1996;1996-06-01;1996-06-30;226,2584;;;66,1134;
Jul 31, 1996;1996-07-01;1996-07-31;217,7176;;;66,2400;
Aug 30, 1996;1996-08-01;1996-08-31;220,3158;;;66,3666;
Sep 30, 1996;1996-09-01;1996-09-30;228,3635;;;66,5775;
Oct 31, 1996;1996-10-01;1996-10-31;229,1856;;;66,7885;
Nov 29, 1996;1996-11-01;1996-11-30;241,3466;;;66,9150;
Dec 31, 1996;1996-12-01;1996-12-31;237,7546;;;66,9150;
Jan 31, 1997;1997-01-01;1997-01-31;241,6484;;;67,1260;
Feb 28, 1997;1997-02-01;1997-02-28;244,8465;;;67,3369;
Mar 31, 1997;1997-03-01;1997-03-31;239,8509;;;67,5057;
Apr 30, 1997;1997-04-01;1997-04-30;247,4589;;;67,5901;
May 30, 1997;1997-05-01;1997-05-31;262,1253;;;67,5479;
Jun 30, 1997;1997-06-01;1997-06-30;275,434;;;67,6323;
Jul 31, 1997;1997-07-01;1997-07-31;287,7783;;;67,7167;
Aug 29, 1997;1997-08-01;1997-08-31;267,4723;;;67,8432;
Sep 30, 1997;1997-09-01;1997-09-30;281,6301;;;68,0120;
Oct 31, 1997;1997-10-01;1997-10-31;264,7486;;;68,1808;
Nov 28, 1997;1997-11-01;1997-11-30;268,6931;;;68,1386;
Dec 31, 1997;1997-12-01;1997-12-31;272,1136;3,52;957,8399;68,0542;
Jan 30, 1998;1998-01-01;1998-01-31;277,9955;3,544;985,2161;68,1808;
Feb 27, 1998;1998-02-01;1998-02-28;296,9022;3,478;1032,6259;68,3073;
Mar 31, 1998;1998-03-01;1998-03-31;309,452;3,449;1067,2999;68,4339;
Apr 30, 1998;1998-04-01;1998-04-30;312,2288;3,394;1059,7045;68,5605;
May 29, 1998;1998-05-01;1998-05-31;306,1801;3,486;1067,3438;68,6871;
Jun 30, 1998;1998-06-01;1998-06-30;311,5742;3,4845;1085,6803;68,7714;
Jul 31, 1998;1998-07-01;1998-07-31;311,5516;3,432;1069,2451;68,8558;
Aug 31, 1998;1998-08-01;1998-08-31;267,7782;3,69;988,1016;68,9402;
Sep 30, 1998;1998-09-01;1998-09-30;272,9982;3,57;974,6036;69,0246;
Oct 30, 1998;1998-10-01;1998-10-31;297,8216;3,422;1019,1455;69,1934;
Nov 30, 1998;1998-11-01;1998-11-30;315,7835;3,482;1099,5581;69,1934;
Dec 31, 1998;1998-12-01;1998-12-31;330,3228;3,505;1157,7814;69,1512;
Jan 29, 1999;1999-01-01;1999-01-31;336,9419;3,665;1234,8921;69,3199;
Feb 26, 1999;1999-02-01;1999-02-28;328,3391;3,94;1293,6561;69,4043;
Mar 31, 1999;1999-03-01;1999-03-31;342,9766;3,99;1368,4766;69,6153;
Apr 30, 1999;1999-04-01;1999-04-30;357,6575;3,951;1413,1048;70,1216;
May 31, 1999;1999-05-01;1999-05-31;344,8764;3,965;1367,4349;70,1216;
Jun 30, 1999;1999-06-01;1999-06-30;361,9091;3,91;1415,0646;70,1216;
Jul 30, 1999;1999-07-01;1999-07-31;360,2857;3,852;1387,8205;70,3325;
Aug 31, 1999;1999-08-01;1999-08-31;359,7093;3,97;1428,0459;70,5013;
Sep 30, 1999;1999-09-01;1999-09-30;355,6877;4,0972;1457,3236;70,8388;
Oct 29, 1999;1999-10-01;1999-10-31;373,5599;4,217;1575,3021;70,9654;
Nov 30, 1999;1999-11-01;1999-11-30;385,0179;4,23;1628,6257;71,0076;
Dec 31, 1999;1999-12-01;1999-12-31;416,9394;4,13;1721,9597;71,0076;
Jan 31, 2000;2000-01-01;2000-01-31;394,2818;4,206;1658,3493;71,2185;
Feb 29, 2000;2000-02-01;2000-02-29;395,4634;4,16;1645,1277;71,6404;
Mar 31, 2000;2000-03-01;2000-03-31;421,3028;4,127;1738,7167;72,2311;
Apr 28, 2000;2000-04-01;2000-04-30;402,2368;4,465;1795,9873;72,2733;
May 31, 2000;2000-05-01;2000-05-31;391,6377;4,39;1719,2895;72,3577;
Jun 30, 2000;2000-06-01;2000-06-30;404,7561;4,35;1760,6890;72,7374;
Jul 31, 2000;2000-07-01;2000-07-31;392,7065;4,3355;1702,5790;72,9062;
Aug 31, 2000;2000-08-01;2000-08-31;404,758;4,369;1768,3877;72,9062;
Sep 29, 2000;2000-09-01;2000-09-30;382,3656;4,525;1730,2043;73,2859;
Oct 31, 2000;2000-10-01;2000-10-31;374,7321;4,644;1740,2559;73,4125;
Nov 30, 2000;2000-11-01;2000-11-30;351,3672;4,4835;1575,3548;73,4546;
Dec 29, 2000;2000-12-01;2000-12-31;357,0962;4,128;1474,0931;73,4125;
Jan 31, 2001;2001-01-01;2001-01-31;366,0736;4,08;1493,5803;73,8766;
Feb 28, 2001;2001-02-01;2001-02-28;335,2027;4,0375;1353,3809;74,1719;
Mar 30, 2001;2001-03-01;2001-03-31;312,5163;4,0903;1278,2854;74,3407;
Apr 30, 2001;2001-04-01;2001-04-30;335,1455;3,9618;1327,7794;74,6360;
May 31, 2001;2001-05-01;2001-05-31;331,2068;3,9824;1318,9980;74,9735;
Jun 29, 2001;2001-06-01;2001-06-30;320,9652;4,0069;1286,0755;75,1001;
Jul 31, 2001;2001-07-01;2001-07-31;315,8409;4,2558;1344,1557;74,8891;
Aug 31, 2001;2001-08-01;2001-08-31;301,2178;4,239;1276,8623;74,8891;
Sep 28, 2001;2001-09-01;2001-09-30;273,625;4,2283;1156,9686;75,2267;
Oct 31, 2001;2001-10-01;2001-10-31;279,3992;4,0908;1142,9662;74,9735;
Nov 30, 2001;2001-11-01;2001-11-30;296,5006;4,0659;1205,5418;74,8470;
Dec 31, 2001;2001-12-01;2001-12-31;299,2145;3,9623;1185,5776;74,5516;
Jan 31, 2002;2002-01-01;2002-01-31;290,9549;4,1732;1214,2130;74,7204;
Feb 28, 2002;2002-02-01;2002-02-28;288,7302;4,2247;1219,7985;75,0157;
Mar 29, 2002;2002-03-01;2002-03-31;301,6642;4,1183;1242,3437;75,4376;
Apr 30, 2002;2002-04-01;2002-04-30;291,9976;3,9918;1165,5960;75,8595;
May 31, 2002;2002-05-01;2002-05-31;292,2226;4,0177;1174,0627;75,8595;
Jun 28, 2002;2002-06-01;2002-06-30;274,282;4,0537;1111,8569;75,9017;
Jul 31, 2002;2002-07-01;2002-07-31;251,2208;4,1743;1048,6710;75,9861;
Aug 30, 2002;2002-08-01;2002-08-31;251,7778;4,1277;1039,2632;76,2393;
Sep 30, 2002;2002-09-01;2002-09-30;224,0779;4,1466;929,1614;76,3658;
Oct 31, 2002;2002-10-01;2002-10-31;240,515;4,0306;969,4198;76,4924;
Nov 29, 2002;2002-11-01;2002-11-30;253,5848;4,0147;1018,0669;76,4924;
Dec 31, 2002;2002-12-01;2002-12-31;241,4149;3,828;924,1362;76,3236;
Jan 31, 2003;2003-01-01;2003-01-31;234,3087;3,821;895,2935;76,6612;75,7475
Feb 28, 2003;2003-02-01;2003-02-28;230,1057;3,9107;899,8744;77,2519;75,8178
Mar 31, 2003;2003-03-01;2003-03-31;229,1129;4,1005;939,4774;77,7159;76,0288
Apr 30, 2003;2003-04-01;2003-04-30;249,421;3,8115;950,6681;77,5472;76,1695
May 30, 2003;2003-05-01;2003-05-31;263,762;3,7144;979,7176;77,4206;76,1695
Jun 30, 2003;2003-06-01;2003-06-30;268,7006;3,8988;1047,6099;77,5050;76,0991
Jul 31, 2003;2003-07-01;2003-07-31;274,5784;3,8664;1061,6299;77,5894;75,8178
Aug 29, 2003;2003-08-01;2003-08-31;280,999;3,97;1115,5660;77,8847;75,5365
Sep 30, 2003;2003-09-01;2003-09-30;282,706;3,9468;1115,7840;78,1379;75,8881
Oct 31, 2003;2003-10-01;2003-10-31;299,7752;4,025;1206,5952;78,0535;76,3101
Nov 28, 2003;2003-11-01;2003-11-30;304,2638;3,902;1187,2373;77,8425;76,5211
Dec 31, 2003;2003-12-01;2003-12-31;323,4649;3,7253;1205,0038;77,7581;76,6618
Jan 30, 2004;2004-01-01;2004-01-31;328,9285;3,8589;1269,3022;78,1379;76,9431
Feb 27, 2004;2004-02-01;2004-02-29;334,8813;3,9283;1315,5142;78,5598;77,0134
Mar 31, 2004;2004-03-01;2004-03-31;332,9672;3,8645;1286,7517;79,0661;77,2244
Apr 30, 2004;2004-04-01;2004-04-30;325,1468;4,015;1305,4644;79,3192;77,8574
May 31, 2004;2004-05-01;2004-05-31;327,6715;3,8159;1250,3617;79,7833;78,6311
Jun 30, 2004;2004-06-01;2004-06-30;334,1564;3,6945;1234,5408;80,0365;79,3344
Jul 30, 2004;2004-07-01;2004-07-31;323,4613;3,633;1175,1349;79,9099;79,2641
Aug 31, 2004;2004-08-01;2004-08-31;325,4325;3,6526;1188,6747;79,9521;78,9124
Sep 30, 2004;2004-09-01;2004-09-30;332,1888;3,5091;1165,6837;80,1208;79,1234
Oct 29, 2004;2004-10-01;2004-10-31;340,3091;3,3842;1151,6741;80,5428;79,6157
Nov 30, 2004;2004-11-01;2004-11-30;358,8567;3,1521;1131,1522;80,5849;79,8267
Dec 31, 2004;2004-12-01;2004-12-31;372,7406;2,9994;1117,9982;80,2896;79,8971
Jan 31, 2005;2005-01-01;2005-01-31;364,8345;3,1106;1134,8542;80,4584;79,9674
Feb 28, 2005;2005-02-01;2005-02-28;377,4757;2,9384;1109,1746;80,9225;79,8971
Mar 31, 2005;2005-03-01;2005-03-31;369,1589;3,1445;1160,8202;81,5553;79,9674
Apr 29, 2005;2005-04-01;2005-04-30;361,0136;3,3087;1194,4857;82,1038;80,3191
May 31, 2005;2005-05-01;2005-05-31;367,7556;3,3612;1236,1001;82,0194;80,5300
Jun 30, 2005;2005-06-01;2005-06-30;371,4729;3,3431;1241,8711;82,0616;80,3894
Jul 29, 2005;2005-07-01;2005-07-31;385,2104;3,3531;1291,6490;82,4414;80,2487
Aug 31, 2005;2005-08-01;2005-08-31;388,135;3,2707;1269,4731;82,8633;80,1784
Sep 30, 2005;2005-09-01;2005-09-30;399,8157;3,2369;1294,1634;83,8758;80,5300
Oct 31, 2005;2005-10-01;2005-10-31;389,0456;3,3074;1286,7294;84,0446;80,8817
Nov 30, 2005;2005-11-01;2005-11-30;403,2116;3,3133;1335,9610;83,3695;80,7410
Dec 30, 2005;2005-12-01;2005-12-31;413,1282;3,2447;1340,4771;83,0320;80,6004
Jan 31, 2006;2006-01-01;2006-01-31;433,4648;3,1457;1363,5502;83,6649;80,7489
Feb 28, 2006;2006-02-01;2006-02-28;432,8292;3,1699;1372,0253;83,8337;80,7489
Mar 31, 2006;2006-03-01;2006-03-31;441,9316;3,2352;1429,7371;84,2978;80,6675
Apr 28, 2006;2006-04-01;2006-04-30;456,6404;3,0703;1402,0230;85,0150;81,1559
May 31, 2006;2006-05-01;2006-05-31;438,6392;3,0666;1345,1310;85,4369;81,6443
Jun 30, 2006;2006-06-01;2006-06-30;438,4499;3,1906;1398,9183;85,6057;81,4001
Jul 31, 2006;2006-07-01;2006-07-31;441,4424;3,0912;1364,5867;85,8588;81,4815
Aug 31, 2006;2006-08-01;2006-08-31;452,8873;3,0798;1394,8023;86,0276;81,7257
Sep 29, 2006;2006-09-01;2006-09-30;458,1652;3,1276;1432,9575;85,6057;81,8071
Oct 31, 2006;2006-10-01;2006-10-31;475,3487;3,0285;1439,5935;85,1416;81,7257
Nov 30, 2006;2006-11-01;2006-11-30;488,7898;2,8761;1405,8083;85,0150;81,8071
Dec 29, 2006;2006-12-01;2006-12-31;499,6955;2,9018;1450,0164;85,1416;81,7257
Jan 31, 2007;2007-01-01;2007-01-31;504,6663;3,0079;1517,9858;85,4015;82,0513
Feb 28, 2007;2007-02-01;2007-02-28;502,0095;2,969;1490,4662;85,8584;82,2955
Mar 30, 2007;2007-03-01;2007-03-31;512,076;2,8854;1477,5441;86,6402;82,7025
Apr 30, 2007;2007-04-01;2007-04-30;534,8088;2,7719;1482,4365;87,2030;83,1095
May 31, 2007;2007-05-01;2007-05-31;550,7102;2,8357;1561,6489;87,7359;83,5165
Jun 29, 2007;2007-06-01;2007-06-30;549,089;2,7852;1529,3227;87,9059;83,5165
Jul 31, 2007;2007-07-01;2007-07-31;540,7044;2,7667;1495,9669;87,8836;83,2723
Aug 31, 2007;2007-08-01;2007-08-31;539,2082;2,8059;1512,9643;87,7224;82,9467
Sep 28, 2007;2007-09-01;2007-09-30;568,1544;2,6495;1505,3251;87,9642;83,5979
Oct 31, 2007;2007-10-01;2007-10-31;590,3194;2,508;1480,5211;88,1523;84,0863
Nov 30, 2007;2007-11-01;2007-11-30;564,2192;2,4568;1386,1737;88,6759;84,6561
Dec 31, 2007;2007-12-01;2007-12-31;557,9736;2,4465;1365,0824;88,6164;84,9003
Jan 31, 2008;2008-01-01;2008-01-31;512,2724;2,4312;1245,4367;89,0569;85,4701
Feb 29, 2008;2008-02-01;2008-02-29;513,7222;2,3123;1187,8798;89,3155;85,7957
Mar 31, 2008;2008-03-01;2008-03-31;506,1839;2,2266;1127,0691;90,0897;86,1213
Apr 30, 2008;2008-04-01;2008-04-30;534,4231;2,2152;1183,8541;90,6361;86,4469
May 30, 2008;2008-05-01;2008-05-31;542,7756;2,1686;1177,0632;91,3994;87,0981
Jun 30, 2008;2008-06-01;2008-06-30;498,2064;2,1293;1060,8309;92,3204;87,2609
Jul 31, 2008;2008-07-01;2008-07-31;485,2688;2,0603;999,7993;92,8052;87,2609
Aug 29, 2008;2008-08-01;2008-08-31;474,8094;2,2742;1079,8115;92,4347;86,9353
Sep 30, 2008;2008-09-01;2008-09-30;415,4672;2,4161;1003,8103;92,3069;87,1795
Oct 31, 2008;2008-10-01;2008-10-31;333,1422;2,7542;917,5402;91,3745;87,5051
Nov 28, 2008;2008-11-01;2008-11-30;311,2558;2,9718;924,9900;89,6244;87,6679
Dec 31, 2008;2008-12-01;2008-12-31;322,5365;2,9383;947,7090;88,6974;87,5865
Jan 30, 2009;2009-01-01;2009-01-31;294,9793;3,4706;1023,7552;89,0835;87,9935
Feb 27, 2009;2009-02-01;2009-02-28;266,0974;3,6588;973,5972;89,5265;88,8075
Mar 31, 2009;2009-03-01;2009-03-31;288,016;3,5139;1012,0594;89,7442;89,4587
Apr 30, 2009;2009-04-01;2009-04-30;322,0151;3,3455;1077,3015;89,9682;90,1099
May 29, 2009;2009-05-01;2009-05-31;354,1002;3,1928;1130,5711;90,2281;90,5983
Jun 30, 2009;2009-06-01;2009-06-30;352,1147;3,172;1116,9078;91,0032;90,7611
Jul 31, 2009;2009-07-01;2009-07-31;383,1107;2,9079;1114,0476;90,8589;90,8425
Aug 31, 2009;2009-08-01;2009-08-31;396,8125;2,8526;1131,9473;91,0627;90,5169
Sep 30, 2009;2009-09-01;2009-09-30;415,0172;2,8691;1190,7258;91,1196;90,5169
Oct 30, 2009;2009-10-01;2009-10-31;408,6038;2,8859;1179,1897;91,2074;90,5983
Nov 30, 2009;2009-11-01;2009-11-30;425,4087;2,779;1182,2108;91,2719;90,8425
Dec 31, 2009;2009-12-01;2009-12-31;434,2183;2,8602;1241,9512;91,1112;90,8425
Jan 29, 2010;2010-01-01;2010-01-31;415,4529;2,9069;1207,6800;91,4226;91,4123
Feb 26, 2010;2010-02-01;2010-02-28;420,7451;2,9008;1220,4974;91,4453;91,5751
Mar 31, 2010;2010-03-01;2010-03-31;447,813;2,8492;1275,9088;91,8208;91,8193
Apr 30, 2010;2010-04-01;2010-04-30;448,5664;2,9547;1325,3791;91,9803;92,2263
May 31, 2010;2010-05-01;2010-05-31;406,0398;3,3121;1344,8444;92,0516;92,4705
Jun 30, 2010;2010-06-01;2010-06-30;393,5308;3,3697;1326,0807;91,9618;92,7147
Jul 30, 2010;2010-07-01;2010-07-31;425,5516;3,0673;1305,2944;91,9812;92,5519
Aug 31, 2010;2010-08-01;2010-08-31;410,675;3,1458;1291,9014;92,1082;92,1449
Sep 30, 2010;2010-09-01;2010-09-30;449,9627;2,9136;1311,0113;92,1617;92,7147
Oct 29, 2010;2010-10-01;2010-10-31;466,2248;2,8462;1326,9690;92,2765;93,2031
Nov 30, 2010;2010-11-01;2010-11-30;455,8512;3,0841;1405,8907;92,3153;93,2845
Dec 31, 2010;2010-12-01;2010-12-31;489,2326;2,9579;1447,1011;92,4740;93,6915
Jan 31, 2011;2011-01-01;2011-01-31;496,9101;2,8677;1424,9891;92,9144;94,8311
Feb 28, 2011;2011-02-01;2011-02-28;511,3797;2,8692;1467,2506;93,3726;94,9939
Mar 31, 2011;2011-03-01;2011-03-31;510,869;2,8386;1450,1527;94,2831;95,8893
Apr 29, 2011;2011-04-01;2011-04-30;531,7699;2,6528;1410,6792;94,8902;96,3777
May 31, 2011;2011-05-01;2011-05-31;520,3392;2,7491;1430,4645;95,3366;96,9475
Jun 30, 2011;2011-06-01;2011-06-30;512,1403;2,742;1404,2887;95,2345;96,5405
Jul 29, 2011;2011-07-01;2011-07-31;503,8021;2,7824;1401,7790;95,3189;96,2149
Aug 31, 2011;2011-08-01;2011-08-31;466,9997;2,8646;1337,7673;95,5818;96,2149
Sep 30, 2011;2011-09-01;2011-09-30;422,9091;3,2852;1389,3410;95,7269;96,2963
Oct 31, 2011;2011-10-01;2011-10-31;468,221;3,1321;1466,5150;95,5294;96,9475
Nov 30, 2011;2011-11-01;2011-11-30;454,205;3,346;1519,7699;95,4489;97,5987
Dec 30, 2011;2011-12-01;2011-12-31;453,2873;3,4443;1561,2574;95,2134;98,0057
Jan 31, 2012;2012-01-01;2012-01-31;479,6445;3,2382;1553,1848;95,6324;98,6569
Feb 29, 2012;2012-02-01;2012-02-29;503,7771;3,0842;1553,7493;96,0534;99,0639
Mar 30, 2012;2012-03-01;2012-03-31;507,1231;3,104;1574,1101;96,7829;99,5523
Apr 30, 2012;2012-04-01;2012-04-30;501,3238;3,1549;1581,6265;97,0753;100,1221
May 31, 2012;2012-05-01;2012-05-31;456,3761;3,5494;1619,8613;96,9614;100,2849
Jun 29, 2012;2012-06-01;2012-06-30;478,916;3,3345;1596,9454;96,8192;100,4477
Jul 31, 2012;2012-07-01;2012-07-31;485,4723;3,3433;1623,0795;96,6614;99,9593
Aug 31, 2012;2012-08-01;2012-08-31;496,0281;3,3147;1644,1843;97,1994;99,6337
Sep 28, 2012;2012-09-01;2012-09-30;511,6511;3,1938;1634,1113;97,6331;99,7151
Oct 31, 2012;2012-10-01;2012-10-31;508,2408;3,1876;1620,0684;97,5951;100,1221
Nov 30, 2012;2012-11-01;2012-11-30;514,7399;3,1543;1623,6441;97,1327;100,2035
Dec 31, 2012;2012-12-01;2012-12-31;526,3991;3,0935;1628,4156;96,8711;100,2849
Jan 31, 2013;2013-01-01;2013-01-31;550,6495;3,0876;1700,1854;97,1576;100,3663
Feb 28, 2013;2013-02-01;2013-02-28;550,5638;3,1696;1745,0670;97,9533;100,3663
Mar 29, 2013;2013-03-01;2013-03-31;560,6304;3,2566;1825,7490;98,2094;100,5291
Apr 30, 2013;2013-04-01;2013-04-30;576,6461;3,1593;1821,7980;98,1073;100,9361
May 31, 2013;2013-05-01;2013-05-31;575,0642;3,2935;1893,9739;98,2820;100,8547
Jun 28, 2013;2013-06-01;2013-06-30;558,2557;3,3291;1858,4891;98,5178;100,8547
Jul 31, 2013;2013-07-01;2013-07-31;584,9808;3,2018;1872,9915;98,5566;101,1803
Aug 30, 2013;2013-08-01;2013-08-31;572,7931;3,2311;1850,7518;98,6752;100,8547
Sep 30, 2013;2013-09-01;2013-09-30;602,3785;3,119;1878,8185;98,7900;100,9361
Oct 31, 2013;2013-10-01;2013-10-31;626,5896;3,0753;1926,9510;98,5356;101,0989
Nov 29, 2013;2013-11-01;2013-11-30;635,4635;3,0931;1965,5522;98,3343;100,9361
Dec 31, 2013;2013-12-01;2013-12-31;646,4263;3,018;1950,9146;98,3259;101,0175
Jan 31, 2014;2014-01-01;2014-01-31;620,569;3,1495;1954,4821;98,6917;101,0989
Feb 28, 2014;2014-02-01;2014-02-28;650,5472;3,0102;1958,2772;99,0566;101,1803
Mar 31, 2014;2014-03-01;2014-03-31;653,4397;3,02;1973,3879;99,6945;101,2617
Apr 30, 2014;2014-04-01;2014-04-30;659,6603;3,0276;1997,1875;100,0232;101,2617
May 30, 2014;2014-05-01;2014-05-31;673,6906;3,0321;2042,6973;100,3725;101,1803
Jun 30, 2014;2014-06-01;2014-06-30;686,3747;3,0328;2081,6372;100,5595;101,1803
Jul 31, 2014;2014-07-01;2014-07-31;678,0508;3,1173;2113,6878;100,5202;101,0175
Aug 29, 2014;2014-08-01;2014-08-31;693,0274;3,2009;2218,3114;100,3523;100,6105
Sep 30, 2014;2014-09-01;2014-09-30;670,5553;3,3059;2216,7888;100,4278;100,6105
Oct 31, 2014;2014-10-01;2014-10-31;675,2761;3,3746;2278,7867;100,1755;100,6105
Nov 28, 2014;2014-11-01;2014-11-30;686,5711;3,3602;2307,0162;99,6346;100,4477
Dec 31, 2014;2014-12-01;2014-12-31;673,3228;3,5412;2384,3707;99,0697;100,1221
Jan 30, 2015;2015-01-01;2015-01-31;662,7956;3,7028;2454,1995;98,6035;99,9593
Feb 27, 2015;2015-02-01;2015-02-28;699,6944;3,7052;2592,5077;99,0317;99,8779
Mar 31, 2015;2015-03-01;2015-03-31;688,8529;3,79365;2613,2668;99,6211;100,0407
Apr 30, 2015;2015-04-01;2015-04-30;708,8396;3,6039;2554,5870;99,8236;100,4477
May 29, 2015;2015-05-01;2015-05-31;707,9147;3,7438;2650,2911;100,3325;100,4477
Jun 30, 2015;2015-06-01;2015-06-30;691,249;3,76151;2600,1400;100,6839;100,4477
Jul 31, 2015;2015-07-01;2015-07-31;697,2518;3,7728;2630,5916;100,6907;100,3663
Aug 31, 2015;2015-08-01;2015-08-31;649,4545;3,7738;2450,9114;100,5481;99,9593
Sep 30, 2015;2015-09-01;2015-09-30;625,9254;3,80065;2378,9234;100,3915;99,6337
Oct 30, 2015;2015-10-01;2015-10-31;675,0512;3,8626;2607,4528;100,3464;99,7151
Nov 30, 2015;2015-11-01;2015-11-30;669,4769;4,03783;2703,2339;100,1346;99,6337
Dec 31, 2015;2015-12-01;2015-12-31;657,4035;3,92555;2580,6703;99,7924;99,4709
Jan 29, 2016;2016-01-01;2016-01-31;617,7551;4,07996;2520,4161;99,9574;98,9825
Feb 29, 2016;2016-02-01;2016-02-29;613,5056;3,99756;2452,5254;100,0397;98,9011
Mar 31, 2016;2016-03-01;2016-03-31;658,9711;3,72815;2456,7431;100,4704;98,9825
Apr 29, 2016;2016-04-01;2016-04-30;668,6984;3,8206;2554,8291;100,9468;99,3081
May 31, 2016;2016-05-01;2016-05-31;669,5412;3,94105;2638,6953;101,3552;99,3895
Jun 30, 2016;2016-06-01;2016-06-30;665,4881;3,93833;2620,9117;101,6881;99,5523
Jul 29, 2016;2016-07-01;2016-07-31;694,1665;3,89642;2704,7642;101,5235;99,2267
Aug 31, 2016;2016-08-01;2016-08-31;696,5019;3,91011;2723,3990;101,6168;99,0639
Sep 30, 2016;2016-09-01;2016-09-30;700,7692;3,82375;2679,5662;101,8610;99,0639
Oct 31, 2016;2016-10-01;2016-10-31;688,8744;3,92543;2704,1282;101,9880;99,5523
Nov 30, 2016;2016-11-01;2016-11-30;694,1094;4,20465;2918,4871;101,8294;99,6337
Dec 30, 2016;2016-12-01;2016-12-31;709,1039;4,18547;2967,9331;101,8627;100,3663
Jan 31, 2017;2017-01-01;2017-01-31;728,4942;4,00257;2915,8490;102,4564;100,7733
Feb 28, 2017;2017-02-01;2017-02-28;748,9308;4,0722;3049,7960;102,7787;101,0989
Mar 31, 2017;2017-03-01;2017-03-31;758,0903;3,96555;3006,2450;102,8622;101,0175
Apr 28, 2017;2017-04-01;2017-04-30;769,9066;3,8792;2986,6217;103,1673;101,3431
May 31, 2017;2017-05-01;2017-05-31;786,908;3,71934;2926,7784;103,2555;101,3431
Jun 30, 2017;2017-06-01;2017-06-30;790,4861;3,7054;2929,0672;103,3491;101,1803
Jul 31, 2017;2017-07-01;2017-07-31;812,5761;3,59473;2920,9917;103,2778;101,0175
Aug 31, 2017;2017-08-01;2017-08-31;815,6899;3,5632;2906,4663;103,5871;100,9361
Sep 29, 2017;2017-09-01;2017-09-30;831,4486;3,64897;3033,9310;104,1356;101,3431
Oct 31, 2017;2017-10-01;2017-10-31;848,7142;3,63866;3088,1824;104,0697;101,8315
Nov 30, 2017;2017-11-01;2017-11-30;865,1442;3,5347;3058,0252;104,0723;102,3199
Dec 29, 2017;2017-12-01;2017-12-31;879,0924;3,48035;3059,5492;104,0111;102,5641
Jan 31, 2018;2018-01-01;2018-01-31;928,6859;3,3455;3106,9187;104,5777;102,8897
Feb 28, 2018;2018-02-01;2018-02-28;889,6839;3,42485;3047,0339;105,0520;102,6455
Mar 30, 2018;2018-03-01;2018-03-31;870,6399;3,42045;2977,9802;105,2895;102,5641
Apr 30, 2018;2018-04-01;2018-04-30;878,9531;3,50917;3084,3958;105,7080;103,0525
May 31, 2018;2018-05-01;2018-05-31;880,0494;3,69246;3249,5472;106,1477;103,2967
Jun 29, 2018;2018-06-01;2018-06-30;875,2857;3,74564;3278,5051;106,3168;103,3781
Jul 31, 2018;2018-07-01;2018-07-31;901,6823;3,65888;3299,1473;106,3240;103,1339
Aug 31, 2018;2018-08-01;2018-08-31;908,7635;3,70651;3368,3410;106,3831;103,1339
Sep 28, 2018;2018-09-01;2018-09-30;912,7201;3,6865;3364,7426;106,5067;103,3781
Oct 31, 2018;2018-10-01;2018-10-31;844,3219;3,83704;3239,6969;106,6949;103,7851
Nov 30, 2018;2018-11-01;2018-11-30;856,6703;3,79117;3247,7827;106,3375;103,7851
Dec 31, 2018;2018-12-01;2018-12-31;796,3318;3,74105;2979,1171;105,9979;103,7851
Jan 31, 2019;2019-01-01;2019-01-31;859,2093;3,72365;3199,3947;106,2000;103,5409
Feb 28, 2019;2019-02-01;2019-02-28;882,192;3,785;3339,0967;106,6489;103,9479
Mar 29, 2019;2019-03-01;2019-03-31;893,2834;3,83745;3427,9304;107,2505;104,2735
Apr 30, 2019;2019-04-01;2019-04-30;923,4473;3,82155;3529,0000;107,8184;105,4131
May 31, 2019;2019-05-01;2019-05-31;868,6687;3,83271;3329,3552;108,0479;105,6573
Jun 28, 2019;2019-06-01;2019-06-30;925,5506;3,7336;3455,6357;108,0695;105,9829
Jul 31, 2019;2019-07-01;2019-07-31;928,261;3,87505;3597,0578;108,2500;105,9829
Aug 30, 2019;2019-08-01;2019-08-31;906,2424;3,98041;3607,2163;108,2446;105,9829
Sep 30, 2019;2019-09-01;2019-09-30;925,3078;4,01056;3711,0025;108,3294;105,9829
Oct 31, 2019;2019-10-01;2019-10-31;950,633;3,82239;3633,6901;108,5770;106,2271
Nov 29, 2019;2019-11-01;2019-11-30;973,8407;3,9162;3813,7549;108,5188;106,3085
Dec 31, 2019;2019-12-01;2019-12-31;1008,1327;3,7938;3824,6538;108,4201;107,1225
Jan 31, 2020;2020-01-01;2020-01-31;996,9984;3,87436;3862,7307;108,8407;108,0993
Feb 28, 2020;2020-02-01;2020-02-29;916,4696;3,92137;3593,8164;109,1390;108,8319
Mar 31, 2020;2020-03-01;2020-03-31;792,7429;4,13216;3275,7405;108,9015;109,0761
Apr 30, 2020;2020-04-01;2020-04-30;877,6676;4,14946;3641,8466;108,1733;108,9947
May 29, 2020;2020-05-01;2020-05-31;915,8376;4,00709;3669,8437;108,1754;108,7505
Jun 30, 2020;2020-06-01;2020-06-30;945,1016;3,95887;3741,5344;108,7673;109,4017
Jul 31, 2020;2020-07-01;2020-07-31;995,0844;3,74482;3726,4120;109,3175;109,1575
Aug 31, 2020;2020-08-01;2020-08-31;1055,9907;3,68275;3888,9498;109,6622;109,0761
Sep 30, 2020;2020-09-01;2020-09-30;1021,9416;3,86325;3948,0159;109,8149;109,3203
Oct 30, 2020;2020-10-01;2020-10-31;997,0984;3,95484;3943,3646;109,8605;109,4017
Nov 30, 2020;2020-11-01;2020-11-30;1120,0038;3,7541;4204,6063;109,7934;109,4831
Dec 31, 2020;2020-12-01;2020-12-31;1172,0041;3,7346;4376,9665;109,8968;109,5645
Jan 29, 2021;2021-01-01;2021-01-31;1166,6763;3,72404;4344,7492;110,3642;110,9483
Feb 26, 2021;2021-02-01;2021-02-28;1193,6977;3,7466;4472,3078;110,9684;111,5181
Mar 31, 2021;2021-03-01;2021-03-31;1225,5829;3,94988;4840,9054;111,7544;112,6577
Apr 30, 2021;2021-04-01;2021-04-30;1279,1687;3,79148;4849,9425;112,6729;113,5531
May 31, 2021;2021-05-01;2021-05-31;1299,0733;3,66317;4758,7263;113,5762;113,8787
Jun 30, 2021;2021-06-01;2021-06-30;1316,1925;3,81105;5016,0754;114,6314;113,9601
Jul 30, 2021;2021-07-01;2021-07-31;1325,2627;3,85285;5106,0384;115,1829;114,4485
Aug 31, 2021;2021-08-01;2021-08-31;1358,4334;3,83065;5203,6829;115,4208;114,7741
Sep 30, 2021;2021-09-01;2021-09-30;1302,3157;3,98072;5184,1542;115,7343;115,5881
Oct 29, 2021;2021-10-01;2021-10-31;1368,7927;3,9907;5462,4410;116,6958;116,8905
Nov 30, 2021;2021-11-01;2021-11-30;1335,8292;4,11015;5490,4584;117,2692;118,0301
Dec 31, 2021;2021-12-01;2021-12-31;1389,2651;4,0341;5604,4343;117,6295;119,0883
Jan 31, 2022;2022-01-01;2022-01-31;1321,0347;4,0782;5387,4437;118,6193;121,3675
Feb 28, 2022;2022-02-01;2022-02-28;1286,9141;4,19083;5393,2382;119,7028;121,0419
Mar 31, 2022;2022-03-01;2022-03-31;1314,7891;4,1994;5521,3253;121,3010;125,0305
Apr 29, 2022;2022-04-01;2022-04-30;1209,5492;4,43105;5359,5730;121,9782;127,5539
May 31, 2022;2022-05-01;2022-05-31;1210,9669;4,2712;5172,2818;123,3228;129,7517
Jun 30, 2022;2022-06-01;2022-06-30;1108,8874;4,48525;4973,6372;125,0168;131,7053
Jul 29, 2022;2022-07-01;2022-07-31;1186,3237;4,63744;5501,5050;125,0020;132,3565
Aug 31, 2022;2022-08-01;2022-08-31;1142,6473;4,70088;5371,4478;124,9577;133,4147
Sep 30, 2022;2022-09-01;2022-09-30;1033,2615;4,9573;5122,1872;125,2265;135,5311
Oct 31, 2022;2022-10-01;2022-10-31;1095,6177;4,7724;5228,7259;125,7344;137,9731
Nov 30, 2022;2022-11-01;2022-11-30;1180,5959;4,487;5297,3338;125,6074;138,9499
Dec 30, 2022;2022-12-01;2022-12-31;1134,1412;4,38031;4967,8900;125,2218;139,1127
Jan 31, 2023;2023-01-01;2023-01-31;1215,4306;4,33524;5269,1834;126,2230;142,6129
Feb 28, 2023;2023-02-01;2023-02-28;1180,5959;4,44635;5249,3426;126,9276;144,3223
Mar 31, 2023;2023-03-01;2023-03-31;1216,9983;4,31426;5250,4471;127,3478;145,9503
Apr 28, 2023;2023-04-01;2023-04-30;1234,4888;4,16199;5137,9300;127,9921;147,0085
May 31, 2023;2023-05-01;2023-05-31;1221,2656;4,24044;5178,7035;128,3144;147,0085
Jun 30, 2023;2023-06-01;2023-06-30;1292,1742;4,06505;5252,7527;128,7287;147,0085
Jul 31, 2023;2023-07-01;2023-07-31;1339,4787;4,00395;5363,2057;128,9743;146,6830
Aug 31, 2023;2023-08-01;2023-08-31;1302,0479;4,12312;5368,4997;129,5375;146,6830
Sep 29, 2023;2023-09-01;2023-09-30;1248,2085;4,36773;5451,8377;129,8595;146,1131
Oct 31, 2023;2023-10-01;2023-10-31;1210,6777;4,2128;5100,3430;129,8097;146,5201
Nov 30, 2023;2023-11-01;2023-11-30;1322,4202;3,997;5285,7135;129,5481;147,5784
Dec 29, 2023;2023-12-01;2023-12-31;1385,9405;3,93417;5452,5255;129,4194;147,7411
Jan 31, 2024;2024-01-01;2024-01-31;1394,0644;4,00365;5581,3459;130,1244;148,3109
Feb 29, 2024;2024-02-01;2024-02-29;1453,8888;3,99355;5806,1776;130,9299;148,7179
Mar 29, 2024;2024-03-01;2024-03-31;1499,5364;3,98925;5982,0256;131,7762;149,0435
