timestamp,Total_Stock_T_Bill,T_Bill_CPI,Yeld_10Y_T_Bill,CPI
1952-01-01,-0.014614183523479896,0.008873962972067611,0.0007441666666666666,-0.0075757938084577425
1952-02-01,0.006185748823971097,0.001273551960929742,0.0008974999999999999,0.0
1952-03-01,0.0007534336203073859,-0.002480494375604844,0.0007624999999999999,0.003795070968551695
1952-04-01,0.0033174702288407457,0.0012981691636098681,0.0007099999999999999,0.0
1952-05-01,0.030444864459392665,-0.0024005488149911897,0.0005949999999999998,0.0037807228399060477
1952-06-01,0.03156443902924606,-0.006114072658491935,0.0005958333333333332,0.007518832414027177
1952-07-01,0.007240453488220472,0.0014948454275844163,0.0005466666666666664,0.0
1952-08-01,-0.012594269319449158,0.001511214182956891,0.0006016666666666668,0.0
1952-09-01,-0.017603866604462216,0.0014129533874511228,0.0008124999999999999,0.0
1952-10-01,0.03437970503808893,0.001437529450543966,0.0006566666666666669,0.0
1952-11-01,0.04234612649617822,0.0015275797237269551,0.0005499999999999997,0.0
1952-12-01,0.00807601467002026,0.005476065551286145,0.0003808333333333337,-0.003752349618550088
1953-01-01,-0.009341013339692084,0.005384015588795699,0.0005666666666666669,-0.0037664827954770885
1953-02-01,0.00786242339902281,-0.0021407772631401754,0.0006166666666666666,0.0037664827954770885
1953-03-01,-0.0471766587399323,0.0016583884755280137,0.0006041666666666671,0.0
1953-04-01,0.008140536841831808,-0.0019470463155478945,0.0006633333333333333,0.003752349618550088
1953-05-01,-0.03317394583022048,-0.0019574866325912767,0.0009408333333333332,0.0037383221106073172
1953-06-01,0.017131627592385654,0.0017400397982796027,0.0007308333333333338,0.0
1953-07-01,0.007230099740618184,-0.0020415068171888272,0.0007766666666666664,0.0037243990909821
1953-08-01,-0.04339095887406384,0.001682892273793273,0.0008608333333333332,0.0
1953-09-01,0.0329622154146491,-0.002232105940189537,0.0007050000000000001,0.0037105793965359624
1953-10-01,0.025501288080583953,0.004852716651211957,0.0010941666666666665,-0.0037105793965359624
1953-11-01,0.016970458184133487,0.0011914420584020354,0.0010800000000000004,0.0
1953-12-01,0.02836263089227065,0.0013227790963575125,0.0007241666666666666,0.0
1954-01-01,0.025349239138960655,0.0009775769063082222,0.0010833333333333335,0.0
1954-02-01,0.024614143897562862,0.0008044380856781921,0.0012366666666666672,0.0
1954-03-01,0.04249658386203331,0.004578342128611227,0.00115,-0.0037243990909821
1954-04-01,0.042286893810049325,-0.002919961005303908,0.001130833333333333,0.0037243990909821
1954-05-01,0.011471302797288505,0.0006309387913598396,0.0014491666666666667,0.0
1954-06-01,0.04293751613541912,0.0005316339136699189,0.0014800000000000002,0.0
1954-07-01,0.023001418842802778,0.0005978503123333632,0.001381666666666667,0.0
1954-08-01,0.02619190975623036,0.004487560573045902,0.001270833333333333,-0.0037243990909821
1954-09-01,0.025877123979407016,0.0008374446544167866,0.0011966666666666666,0.0
1954-10-01,0.04122188270185175,0.0008126909535565227,0.001209166666666667,0.0
1954-11-01,0.047466171337604064,0.004509740549163714,0.0012958333333333329,-0.0037383221106073172
1954-12-01,0.020447315157391188,0.000952864802138592,0.0011200000000000003,0.0
1955-01-01,0.035263151734939206,0.0010105149831533802,0.0011783333333333333,0.0
1955-02-01,-0.005304820157286918,0.0009693403524756376,0.001274166666666667,0.0
1955-03-01,0.03620145263902666,0.0010598977006478908,0.0011716666666666663,0.0
1955-04-01,-0.002089474294421579,0.0013145765929468511,0.0009658333333333335,0.0
1955-05-01,0.05825648200260475,0.0011996566903110318,0.0010558333333333333,0.0
1955-06-01,0.07230810312372637,-0.0025715288076228497,0.0011941666666666665,0.0037383221106073172
1955-07-01,-0.0042782282432660655,0.0013227790963575125,0.0011433333333333332,0.0
1955-08-01,0.04535873045341597,-0.0021559195709331203,0.0008750000000000003,0.0037243990909821
1955-09-01,-0.049941646811753226,0.0017073888689429718,0.0006733333333333335,0.0
1955-10-01,0.06624162757125927,0.0018379158984026106,0.00047250000000000026,0.0
1955-11-01,0.01041534596576069,0.005570466144409876,0.0005399999999999999,-0.0037243990909821
1955-12-01,-0.026138595346733927,0.002090231697288596,0.00031583333333333376,0.0
1956-01-01,0.007479103600249625,0.001984514841604573,0.00033083333333333315,0.0
1956-02-01,0.06750887416248696,0.0019112476068746567,0.00042666666666666656,0.0
1956-03-01,0.012850590386447204,-0.0018701816797471202,0.0006833333333333331,0.0037243990909821
1956-04-01,-0.03081520599572452,-0.001571600500821146,0.00038666666666666624,0.0037105793965359624
1956-05-01,-0.0047355392817266286,-0.005233006640453418,0.00023833333333333345,0.007380107297622285
1956-06-01,0.05368783504806787,-0.00527645285412481,0.0003966666666666667,0.0073260400920731605
1956-07-01,-0.004732897142159012,0.0055594140283400425,0.0007358333333333333,-0.003656311203110274
1956-08-01,-0.03340123388222117,-0.0015173323073954578,0.0006791666666666665,0.003656311203110274
1956-09-01,-0.011963398127029781,-0.001309308244368093,0.00041833333333333306,0.0036429912785012064
1956-10-01,-0.00959066318376584,0.0023822880709927128,0.0004766666666666669,0.0
1956-11-01,0.015334108928521245,-0.0011746255381105456,0.00042500000000000003,0.0036297680505787966
1956-12-01,-0.021408758477562725,0.002632963465812547,0.00042000000000000023,0.0
1957-01-01,-0.04322329506313285,-0.0010644576750413232,9.083333333333296e-5,0.0036166404701880595
1957-02-01,0.013447597152318604,-0.0010595070837302275,0.00021833333333333383,0.0036036075032988
1957-03-01,0.0234611966334462,-0.0010627348143890905,0.000245,0.0035906681307285027
1957-04-01,0.038091146760693806,-0.001057972759499703,0.0003841666666666672,0.0035778213478838694
1957-05-01,0.016757633145929728,-0.0010533030884972406,0.000515833333333333,0.0035650661644961446
1957-06-01,0.020175895687275354,-0.0043946966402876285,0.0005008333333333336,0.007092228309491855
1957-07-01,-0.05588175963706857,0.0025925829187543885,0.0006058333333333332,0.0
1957-08-01,-0.04075662509254647,0.0027620498826918354,0.0003641666666666667,0.0
1957-09-01,-0.06345667341663298,0.0028909366491608637,0.00040333333333333367,0.0
1957-10-01,-0.021045945208854104,-0.000596167600664044,0.00028250000000000063,0.003527340517968547
1957-11-01,0.00044333507415272736,0.0027136659061052226,3.166666666666639e-5,0.0
1957-12-01,0.020407257787666184,-0.004521982961317211,5.833333333333385e-6,0.007017572658646554
1958-01-01,0.004937424920476018,0.002008922945269427,0.000595,0.0
1958-02-01,0.022543698203041432,-0.005703324705673304,0.001255,0.006968669316093301
1958-03-01,0.007797063441752603,-0.002389855870940697,0.0013325000000000001,0.003466207976486224
1958-04-01,0.03389040407501443,0.0009363859938323068,0.0014000000000000002,0.0
1958-05-01,0.026126369178265517,0.0007549037073621699,0.0016566666666666665,0.0
1958-06-01,0.02947054681546988,-0.002765422833334995,0.0017924999999999998,0.0034542348680877133
1958-07-01,0.03887597648983223,0.004209138575449883,0.0018816666666666665,-0.0034542348680877133
1958-08-01,0.027529591553406223,0.001396565317912892,0.0017166666666666665,0.0
1958-09-01,0.04053567177889796,0.002008922945269427,0.0010875000000000004,0.0
1958-10-01,0.030461034439752566,-0.0012908930622934104,0.0008941666666666664,0.0034542348680877133
1958-11-01,0.01913135507988325,0.005650049478319548,0.0008083333333333336,-0.0034542348680877133
1958-12-01,0.03927041686555423,-0.0011772935640135171,0.0009291666666666662,0.0034542348680877133
1959-01-01,-0.015026628725686532,0.005771709921359983,0.0009716666666666667,-0.0034542348680877133
1959-02-01,0.025372832164071837,0.002220160912201765,0.0009083333333333335,0.0
1959-03-01,0.01681573146919119,-0.0011529709486732664,0.0009750000000000002,0.0034542348680877133
1959-04-01,0.015016478805921015,0.002422770623808924,0.0010358333333333326,0.0
1959-05-01,-0.008412758456796834,-0.0011086611568396658,0.001114166666666666,0.003442344190972779
1959-06-01,0.03864901380528342,-0.0007975716309763757,0.0008608333333333337,0.0034305350967889225
1959-07-01,-0.005829530067344694,0.002624888921614249,0.0010175000000000002,0.0
1959-08-01,-0.04042985317052262,-0.0006486956004690954,0.0009391666666666667,0.0034188067487859186
1959-09-01,-0.0015830675097516442,-0.00010672043891758222,0.0003849999999999999,0.003407158321614201
1959-10-01,0.003298465178179353,0.003308447237629339,0.00037750000000000023,0.0
1959-11-01,0.030522259535957198,0.0033884984765741363,0.0003308333333333327,0.0
1959-12-01,-0.018603966972248982,0.007067257243108213,0.00019333333333333312,-0.003407158321614201
1960-01-01,-0.040209342515915514,0.00014121230631233134,0.00025000000000000066,0.003407158321614201
1960-02-01,-0.014038708808097818,0.003236335315433178,0.0003833333333333336,0.0
1960-03-01,0.012932052461895991,-0.0006819230950331212,0.0006258333333333337,0.003395589001138344
1960-04-01,-0.008920950871662739,0.0026491102074506115,0.0009333333333333329,0.0
1960-05-01,0.0362722650538368,-0.0006865663150361044,0.0007258333333333331,0.0033840979842403307
1960-06-01,-0.024180082879116573,0.0020251910435804053,0.0014341666666666665,0.0
1960-07-01,0.012849796814842874,0.0018949572474574524,0.001243333333333333,0.0
1960-08-01,-0.029407705131417005,0.0018949572474574524,0.00128,0.0
1960-09-01,-0.018885264999388984,-0.004692576214645099,0.001088333333333333,0.006734032181344052
1960-10-01,0.03278959631740474,0.0018949572474574524,0.0013066666666666667,0.0
1960-11-01,0.024510969398805448,0.0019519595786323385,0.0013316666666666663,0.0
1960-12-01,0.05083763847731826,0.00185421741123498,0.0012166666666666667,0.0
1961-01-01,0.04083975149011435,0.0018460670534277757,0.0013199999999999993,0.0
1961-02-01,0.03131077695343804,0.0019926516705260733,0.001071666666666667,0.0
1961-03-01,0.026718819621300828,0.001968238799886166,0.0011641666666666666,0.0
1961-04-01,0.010623464347075876,0.001886810873402054,0.0011941666666666665,0.0
1961-05-01,-0.012734327469973236,0.001886810873402054,0.0012616666666666664,0.0
1961-06-01,-0.002203934908229159,-0.004769596558249047,0.0012874999999999998,0.006688988150796771
1961-07-01,0.035731352661748574,0.0051849683189427245,0.0014483333333333334,-0.0033389012655149486
1961-08-01,-0.007394138637242276,-0.0013706624656287824,0.0013250000000000002,0.0033389012655149486
1961-09-01,0.011440990904178624,0.001878663702907875,0.001306666666666667,0.0
1961-10-01,0.04462412703324702,0.0018949572474574524,0.0013099999999999997,0.0
1961-11-01,0.00950008574142618,0.0020414559666989533,0.0012683333333333331,0.0
1961-12-01,-0.03755582072181208,0.0021389788957148163,0.0012166666666666662,0.0
1962-01-01,0.016619301992435487,-0.0010914022632111699,0.0011499999999999995,0.0033277900926744763
1962-02-01,0.0011371833021199419,0.0022445001033400786,0.0010583333333333334,0.0
1962-03-01,-0.0320654270338729,-0.0010803647965305398,0.0009499999999999995,0.0033167526259938462
1962-04-01,-0.07660876810552623,0.0022445001033400786,0.0009416666666666662,0.0
1962-05-01,-0.1230044744791169,0.002212046268509357,0.0010083333333333333,0.0
1962-06-01,0.024477357996457297,-0.0010612880311594757,0.0010583333333333334,0.0033057881344995543
1962-07-01,0.027283513848643817,0.002398483452121004,0.0009333333333333333,0.0
1962-08-01,-0.008262046323918394,-0.0009774208435803428,0.0009499999999999995,0.003294895896852612
1962-09-01,-0.031167394487921732,0.002285049631332681,0.0009666666666666665,0.0
1962-10-01,0.06708786950367701,0.002252611587585869,0.000983333333333333,0.0
1962-11-01,0.042749842456633394,0.0023255794377506564,0.000908333333333333,0.0
1962-12-01,0.03814858791980291,0.002357989096237275,0.0008166666666666669,0.0
1963-01-01,0.013380491349012274,0.002390386154992413,0.0007999999999999999,0.0
1963-02-01,-0.003495132045609571,-0.0008855917490690024,0.0008499999999999996,0.0032840752011900065
1963-03-01,0.04607928318321229,0.002374189199968958,0.0008833333333333332,0.0
1963-04-01,0.019997062364153932,0.0023822880709927128,0.0008750000000000003,0.0
1963-05-01,-0.0002538566972756775,-0.0008667453824378795,0.0008583333333333325,0.003273325344969269
1963-06-01,-0.014738799073637204,-0.0008075031223479016,0.0008416666666666668,0.0032626456348161526
1963-07-01,0.02714900121626938,0.0026087374857010404,0.0006833333333333335,0.0
1963-08-01,0.02570164366372525,0.002721731853295698,0.0005833333333333324,0.0
1963-09-01,0.002193984928574026,-0.0004819242380608153,0.000575,0.0032520353863776386
1963-10-01,-0.005900002097342948,0.0028265181836217225,0.0005833333333333333,0.0
1963-11-01,0.020695358839444702,-0.0003586068604622462,0.0004666666666666669,0.003241493924170502
1963-12-01,0.029773986198304372,0.002882887063708256,0.0005166666666666666,0.0
1964-01-01,0.011749309759637918,0.002882887063708256,0.0005250000000000003,0.0
1964-02-01,0.017535105642642365,0.0028909366491608637,0.0005416666666666664,0.0
1964-03-01,0.013826193315614316,0.0028989854571386604,0.0005750000000000004,0.0
1964-04-01,0.00923588164589584,0.002842627469063989,0.0006249999999999993,0.0
1964-05-01,-0.0063765842606626,-0.0003803396373020019,0.0005916666666666674,0.003231020581446753
1964-06-01,0.035884286723695556,-0.00036993375589745034,0.0005583333333333339,0.0032206147000422014
1964-07-01,-0.015154810559386006,0.0060551879156486715,0.000608333333333334,-0.0032206147000422014
1964-08-01,0.016530218722864976,-0.00035382914026450135,0.0005916666666666666,0.0032206147000422014
1964-09-01,0.016551646645382875,0.0028909366491608637,0.0005416666666666664,0.0
1964-10-01,0.006358067765561163,-0.0002871484125234413,0.0004916666666666667,0.003210275630248116
1964-11-01,-0.017980724974974934,0.0029794308088181547,0.00046666666666666645,0.0
1964-12-01,0.02457762967356797,0.003140088913974041,0.00030833333333333364,0.0
1965-01-01,0.006531743651044301,0.0031160099347552223,0.0003166666666666669,0.0
1965-02-01,9.418812252851277e-5,1.228140368235214e-5,0.00024166666666666607,0.0032000027306708922
1965-03-01,0.012174124691148456,2.2488766253087652e-5,0.00022499999999999994,0.0031897953681001567
1965-04-01,0.013891186394567021,0.0032122841343532444,0.00023333333333333322,0.0
1965-05-01,-0.04921064690535382,-0.0031690225874630097,0.00028333333333333335,0.006349227678658753
1965-06-01,-0.002113009543448874,0.0031079820619747413,0.0003333333333333335,0.0
1965-07-01,0.01773924594658166,0.003140088913974041,0.0003166666666666665,0.0
1965-08-01,0.03207023546075555,0.003140088913974041,0.00035833333333333333,0.0
1965-09-01,0.021364918117310415,4.470524081927026e-5,0.00035833333333333333,0.003159560290368457
1965-10-01,0.0073475206117468005,0.0032924277578927075,0.0003166666666666665,0.0
1965-11-01,-0.005491484655460178,0.0001908680587109639,0.00032500000000000064,0.0031496089028961727
1965-12-01,0.015943814660867386,0.0035723250189313173,0.00022500000000000037,0.0
1966-01-01,-0.008096418795306096,-0.0025297997820884,8.333333333333413e-5,0.006269613013595521
1966-02-01,-0.04312640243801534,0.0006674779057493315,0.00030833333333333277,0.003120127336243783
1966-03-01,0.02879210781350316,-0.002471386861133524,0.0001000000000000007,0.006211200092640645
1966-04-01,-0.05505011124568523,0.00376371266286447,0.0001416666666666671,0.0
1966-05-01,-0.009431211522914734,0.0006884492403938258,0.00013333333333333383,0.0030911925696726072
1966-06-01,-0.0035325890484746167,0.0005864072473229262,0.00039166666666666603,0.0030816665374082675
1966-07-01,-0.06320696147509963,-0.0022280230759452848,0.00020833333333333294,0.006134988567516153
1966-08-01,-0.03677067999488237,0.004034094933973962,0.00033333333333333305,0.0
1966-09-01,-0.010104900308250508,-0.001738598232839248,-0.00029166666666666664,0.006097579868117986
1966-10-01,0.04719982334918372,0.004343162855175556,-0.00031666666666666735,0.0
1966-11-01,0.002689848165754148,0.004319429053334775,-0.00016666666666666653,0.0
1966-12-01,0.03625306174222587,0.004034094933973962,-0.0002666666666666672,0.0
1967-01-01,0.03261366789772841,0.0038433279677960934,-0.00016666666666666653,0.0
1967-02-01,0.02215092215461393,0.0006810032488353494,0.0001333333333333334,0.003034903695154245
1967-03-01,0.016140223751517264,0.0004507451961185192,0.0002000000000000001,0.003025720916537189
1967-04-01,0.017127246432665444,0.0001234953745483029,0.0007833333333333338,0.003016593539425738
1967-05-01,-0.012929854516968355,-6.025907751391066e-5,0.0010083333333333329,0.0030075210639548544
1967-06-01,0.016744456783295964,-9.951753911781975e-5,0.0013999999999999998,0.00299850299625648
1967-07-01,0.014810710466745761,0.0004469534863207822,0.0007916666666666666,0.00298953884836628
1967-08-01,0.012822663756341085,0.000503830429646268,0.0008333333333333331,0.0029806281381379307
1967-09-01,-0.0026989118425438294,0.0006324831103688314,0.0007416666666666661,0.002971770389157413
1967-10-01,-0.03294871336774282,0.0007529418133327363,0.0009000000000000006,0.0029629651306568583
1967-11-01,0.026638543151114275,0.0008970734189820799,0.0008416666666666659,0.0029542118974315024
1967-12-01,-0.004292259173924071,-0.0018403358147653162,0.000608333333333334,0.005882369903066564
1968-01-01,-0.047524034189341376,0.0011375872350306076,0.0004499999999999999,0.0029282597790887266
1968-02-01,-0.019795936787510175,0.0011302623830042793,0.000483333333333333,0.00291971010333425
1968-03-01,0.06935938912385044,0.0012894483378618152,0.0004916666666666663,0.0029112102074586588
1968-04-01,0.020736491113786143,0.001464130241459089,0.0002999999999999999,0.0029027596579616066
1968-05-01,0.02422356196451657,-0.0011923457698259036,0.0001666666666666674,0.005780362915499104
1968-06-01,-0.004084340542891673,-0.0012696153871541776,0.00010000000000000026,0.005747142255568161
1968-07-01,-0.02387554491331387,0.001450284002669236,6.666666666666713e-5,0.002861232281031967
1968-08-01,0.03017561050074044,0.0012841760083780332,0.0002749999999999992,0.002853068982406448
1968-09-01,0.022445466005030567,-0.001465329070506837,0.0002500000000000002,0.005681833467431119
1968-10-01,0.013225448700208146,0.001514306654697875,0.0002166666666666671,0.0028288562004776807
1968-11-01,0.008225522688838603,0.0016013504030830544,0.00027500000000000007,0.0028208763416412985
1968-12-01,-0.045502635929965576,0.002011348491366547,0.00016666666666666653,0.002812941376614919
1969-01-01,-0.007471437045701816,-0.0006365229310313159,4.166666666666728e-5,0.005602255548669444
1969-02-01,-0.024344614271669437,-0.0033949433253933495,0.00011666666666666683,0.008344971932180645
1969-03-01,0.017441471432069568,-0.0006534118010058749,0.00023333333333333366,0.00552487593196993
1969-04-01,0.029382739832725917,0.002191142119560543,7.499999999999955e-5,0.002751033371890088
1969-05-01,-0.055859256979826674,-0.0005922828118975392,0.00043333333333333245,0.005479465764625324
1969-06-01,-0.04818090193866931,-0.00024866642411519764,0.00024166666666666694,0.005449604767564953
1969-07-01,-0.008635069919164542,0.00021815323681224907,-0.00028333333333333335,0.005420067469338985
1969-08-01,0.0004619514901589069,0.0029235859570858856,-0.0001250000000000001,0.00269905696916517
1969-09-01,0.007457287565027453,0.0003319276656776277,0.0003499999999999996,0.005376357036380064
1969-10-01,0.004092164454673061,0.0002906143795556454,-4.99999999999997e-5,0.005347606326595589
1969-11-01,-0.05743352214075552,0.0005057658040391218,4.1666666666666415e-5,0.00531916147759981
1969-12-01,-0.012374411638351963,0.003625407164708848,4.999999999999883e-5,0.002649008171577094
1970-01-01,-0.03890745654940877,0.0010359939324269428,-0.00010000000000000026,0.005277057100843585
1970-02-01,0.013951952910483274,0.0004900494710542254,-0.00019166666666666637,0.005249355886143725
1970-03-01,-0.033271746500472675,-0.0024731663443762755,0.00037500000000000033,0.007822725681209342
1970-04-01,-0.12372827971049899,0.0026616891118688745,0.0010916666666666679,0.002594035177046372
1970-05-01,-0.008360974236121628,0.00034554669602978195,0.0009249999999999996,0.005167970158442614
1970-06-01,-0.0003416187650625022,0.0002472266100582597,0.0008333333333333326,0.005141399500418586
1970-07-01,0.02658608872960066,0.005208767112616426,0.0007749999999999996,0.0
1970-08-01,0.055790253241469745,6.234695535861038e-5,0.0008999999999999998,0.005115100666770456
1970-09-01,0.019420472917488288,-0.00013904090068393802,0.0009750000000000002,0.005089069507471233
1970-10-01,-0.0028605362851847832,-0.0002783443842561545,0.001183333333333334,0.005063301956546695
1970-11-01,0.06454604585005855,-0.0007500205642141013,0.0010083333333333333,0.005037794029957077
1970-12-01,0.036122984314537955,0.003962608488185199,0.0013583333333333338,0.0
1971-01-01,0.036870960605283346,0.0011108015481436678,0.0013749999999999995,0.0025094116054260596
1971-02-01,0.024773028656811365,0.0005245305524974246,0.0020333333333333323,0.0025031302181184323
1971-03-01,0.03318168499377238,0.0002732309497296419,0.0017916666666666667,0.0024968801985871814
1971-04-01,-0.014319824626048803,-0.00181899693777355,0.00185,0.0049751346401136765
1971-05-01,-0.01948538929781748,-0.00403610084282818,0.0018666666666666666,0.0074165976550499835
1971-06-01,-0.008574787234898119,0.0014071718936505113,0.0016249999999999997,0.0024600258408624676
1971-07-01,-0.019732319706216767,0.0019287152150310937,0.001208333333333332,0.0024539889615664556
1971-08-01,0.020392791805046332,0.0040182143558728615,0.0011166666666666668,0.0
1971-09-01,-0.022661963444645432,0.0013714697232912222,0.0010916666666666661,0.0024479816386397957
1971-10-01,-0.04828133879554376,0.0036361697516717755,0.0011749999999999998,0.0
1971-11-01,0.06550456418861653,-0.001433569829018599,0.001425,0.004878058453433365
1971-12-01,0.03984049832079967,0.0032764051980791985,0.0015666666666666667,0.0
1972-01-01,0.017798324333397113,-0.002084267316480814,0.002258333333333333,0.004854378464797637
1972-02-01,0.023140764428736322,0.00020650805733232747,0.0023666666666666667,0.0024183808642819216
1972-03-01,0.009383168932760264,0.0006392188825867554,0.001991666666666667,0.0024125464053836865
1972-04-01,-0.010851835096355043,0.0006289563538972223,0.0020249999999999995,0.002406740030565402
1972-05-01,0.00207082247023781,0.0006186628443030696,0.0019666666666666665,0.0024009615375382154
1972-06-01,-0.008283984303151649,-0.0015884519669639298,0.0018666666666666666,0.004784698123335929
1972-07-01,0.03375102727194881,0.0008685742253467521,0.0017833333333333334,0.0023837913552764434
1972-08-01,-0.015486098239621974,0.0009062944581023219,0.0020000000000000005,0.0023781224049672645
1972-09-01,0.00030318461641685394,-0.0009437774508988862,0.0015666666666666663,0.004739345363896419
1972-10-01,0.047174965024816204,0.0014979657195906934,0.001391666666666667,0.002361276185680161
1972-11-01,0.01884761695231291,0.001535346973539508,0.0012500000000000002,0.002355713692459016
1972-12-01,0.005616728971814618,0.0017712067144290246,0.0011166666666666668,0.0023501773449536856
1973-01-01,-0.03822526497050742,-0.002626962468728904,0.0009416666666666662,0.00701757265864611
1973-02-01,-0.01815814324120228,-0.0047401269674673405,0.0008666666666666675,0.00928080907447315
1973-03-01,-0.021471765848011484,-0.0019780483062871706,0.0005333333333333336,0.006904515346544571
1973-04-01,-0.03115190059246808,-0.0017972751399113291,0.0003666666666666662,0.006857169726136814
1973-05-01,-0.025312836531584924,-0.0016721873036328232,0.00047499999999999973,0.006810469002526798
1973-06-01,0.0060450423537885285,0.0035261765921740275,-0.00020833333333333294,0.0022598879674373684
1973-07-01,-0.02307872430268139,-0.011476433670685331,-0.00048333333333333475,0.01789756945754295
1973-08-01,0.012526671067854704,0.0047139580943360805,-0.0011833333333333331,0.0022148403295529917
1973-09-01,0.03452828929824714,-0.00217374404447179,-0.0011583333333333315,0.008810629682154847
1973-10-01,-0.07675031244213992,-0.0007480161785504728,-0.0004250000000000009,0.006557400546158831
1973-11-01,-0.07672512941737777,-0.00023253711236965666,-0.0009499999999999995,0.006514681021193791
1973-12-01,0.010648808961055769,-0.002632789952204579,-0.0004583333333333323,0.00862074304390692
1974-01-01,-0.03138930208818334,-0.006557589741522038,-0.0006416666666666654,0.012793351459909452
1974-02-01,0.038712008961000056,-0.006900120622998379,-9.166666666666698e-5,0.01263174690590052
1974-03-01,-0.05579107377308875,0.0022071787696616345,-0.00045833333333333403,0.004175371410481077
1974-04-01,-0.034228379644564176,-0.00575485850110831,-0.0005583333333333326,0.012422519998557036
1974-05-01,-0.0022588477942896605,-0.0016060666775979731,-0.0005916666666666674,0.008196767204178279
1974-06-01,-0.12648074621262861,-0.0017939022269173434,-0.0002166666666666671,0.008130126083250477
1974-07-01,-0.04444614006843541,-0.006007108757131712,0.00028333333333333335,0.01207258123426902
1974-08-01,-0.11240632219811827,-0.004777682830847973,-0.0007083333333333351,0.01192857086527388
1974-09-01,0.01671938071089111,-0.003373217380586745,-0.00010000000000000026,0.009832920916239107
1974-10-01,0.03042377903266671,-0.0018016021839828448,0.00027500000000000007,0.007797310460031515
1974-11-01,-0.06874435166827036,-0.0017335197634049436,0.0001416666666666658,0.00773698250215249
1974-12-01,0.07657537709985031,0.0019088027401460567,0.0002083333333333338,0.0038461585874784987
1975-01-01,0.09708979534469231,-0.002588326252031185,0.001058333333333333,0.00764822083825667
1975-02-01,0.04382961333574486,0.0006594446275974023,0.001633333333333333,0.0038022859497384154
1975-03-01,0.01016925974522215,0.0006659479918652558,0.0021000000000000003,0.003787883316936913
1975-04-01,0.0601140881554659,-0.0011064843358208508,0.0022500000000000003,0.0056550574833451606
1975-05-01,0.024115312484092655,-0.0032424846654387288,0.0023416666666666646,0.0074906717291578495
1975-06-01,-0.00013268868752431932,-0.006796588029914744,0.002183333333333334,0.01113184036884407
1975-07-01,-0.07734144911057025,0.0031145624878474434,0.001724999999999999,0.0018433184942892034
1975-08-01,-0.013871007640614667,-0.00030871746751976077,0.0014833333333333348,0.005509655810969516
1975-09-01,0.04301853686939594,-0.00029418716628100243,0.0017166666666666667,0.005479465764625324
1975-10-01,0.015191105200667398,-0.002435270144823012,0.0016249999999999997,0.007259560012804478
1975-11-01,-0.016378929151424058,0.0008358190673167544,0.0022166666666666663,0.00361011222409946
1975-12-01,0.08638143404876573,0.0026141432263609354,0.001933333333333333,0.0018001805041478747
1976-01-01,0.036771552635001516,0.0003719403574566965,0.0024416666666666666,0.0035906681307285027
1976-02-01,0.003921378375833698,0.0021800436818244185,0.0024083333333333326,0.0017905107737883341
1976-03-01,0.006732176928245672,0.0004944146465216187,0.002216666666666667,0.0035714323675977155
1976-04-01,-0.007841542466128384,-0.0031501638607198687,0.0023416666666666664,0.007104825623744482
1976-05-01,0.004642493692184932,-0.001071261381750485,0.0023,0.005295687574710328
1976-06-01,0.02176066567245989,-0.0008771807449416457,0.0020416666666666665,0.005267790934858851
1976-07-01,-0.009919949874898137,-0.0009919995998371803,0.0021916666666666664,0.005240186663556301
1976-08-01,0.019772624856976954,0.0006986197406095157,0.002100000000000001,0.0034782643763247023
1976-09-01,-0.03563270389634593,-0.0010655019746667908,0.002058333333333334,0.0051948168771041026
1976-10-01,-0.007687474437089216,0.0022767047834124053,0.002083333333333333,0.0017256259674693908
1976-11-01,0.03316073539210763,0.0004248535435397555,0.0018833333333333323,0.0034423441909732233
1976-12-01,-0.008939653637100201,-0.001593028872492054,0.0020499999999999997,0.005141399500418586
1977-01-01,-0.02768085716953913,-0.0064404575113772185,0.002316666666666668,0.010204170174241689
1977-02-01,-0.004373788014829173,-0.002941858316306538,0.0023166666666666665,0.006745388139531627
1977-03-01,-0.015731313708636344,-0.004620469200288597,0.00235,0.008368249670516192
1977-04-01,-0.0030731215768299396,-0.0012875759029823824,0.0024249999999999996,0.004987541511039417
1977-05-01,0.004860555431443813,-0.0025774993983386585,0.0020166666666666666,0.00661159433231262
1977-06-01,0.008573752936956352,-0.0008484475893904145,0.0018166666666666678,0.004930166107858902
1977-07-01,-0.025186530608448266,0.000943179051955457,0.0018583333333333334,0.003273325344968825
1977-08-01,-0.016285952807165438,0.0011911856739860163,0.0014916666666666672,0.0032626456348161526
1977-09-01,-0.026896366355672607,0.0014542018576201628,0.001333333333333333,0.0032520353863780826
1977-10-01,0.004670016063415192,0.00012312451857917923,0.0012166666666666671,0.004858309151075879
1977-11-01,-0.005801793828284032,0.0017085123871045686,0.0012083333333333338,0.003225809248882605
1977-12-01,-0.039325981771161214,-0.0015098121754825921,0.001425,0.006420567802923216
1978-01-01,-0.015016071666863143,-0.0011786686205891867,0.0012500000000000002,0.006379606964038942
1978-02-01,-0.0026589257539554392,-0.0027089306241683195,0.001324999999999998,0.007917697736784746
1978-03-01,0.04179293981043842,-0.0027720814771922953,0.001550000000000001,0.007855499940308874
1978-04-01,0.048184635354887824,-0.004262443955121292,0.0016250000000000006,0.009345862418237871
1978-05-01,0.0014060061416191795,-0.005616797508751609,0.0016749999999999994,0.010794245130880675
1978-06-01,-0.006164035001204668,-0.0022117819798093174,0.001575,0.0076394565579578355
1978-07-01,0.06466820166355293,0.0010901919683747483,0.0012916666666666684,0.004555816535860124
1978-08-01,-0.0018644396952368046,-0.0018467029133781036,0.001091666666666667,0.007547205635383136
1978-09-01,-0.034497207634595135,-0.0026844974119049686,0.0005916666666666674,0.008982096315827803
1978-10-01,-0.06225721411833411,0.0019447297474231373,0.0008083333333333345,0.004460973940624946
1978-11-01,0.01182218743066378,0.0024646278185565286,0.00018333333333333222,0.004441161999968024
1978-12-01,0.033345168239272395,-0.0015809723260737582,5.833333333333298e-5,0.008823586658515126
1979-01-01,-0.018285035811133457,-0.00419633410232298,-0.00033333333333333305,0.011644964196880103
1979-02-01,0.015360492239695734,-0.0026535144053875205,-0.0001250000000000001,0.010079278994702179
1979-03-01,0.01610370413213734,-0.003848493215503953,-0.00030833333333333407,0.011396134730869534
1979-04-01,-0.026820673576570024,-0.005134888556792138,-9.166666666666785e-5,0.012667305200765533
1979-05-01,0.015866008201157786,-0.00348014402812893,-0.0004583333333333323,0.011126679464757316
1979-06-01,0.006590151124808301,-0.003776903965195532,-0.00020833333333333294,0.01100423759101421
1979-07-01,0.041115549220618136,-0.0021656056325757324,-0.00019166666666666637,0.009530364850693473
1979-08-01,0.007381813231184524,-0.003203692687280351,-0.0002333333333333328,0.010781775603288857
1979-09-01,-0.042403552201486616,0.00012852851837514938,-0.0006833333333333344,0.008010723746078696
1979-10-01,-0.01286042126558983,-4.4910105201691544e-5,-0.0008166666666666669,0.009265453445790328
1979-11-01,0.033191232265409897,-0.0011973635304470681,-0.001174999999999999,0.010485023971625651
1979-12-01,0.022522670190165357,-0.004765909110818135,-0.0014249999999999992,0.014239722811136168
1980-01-01,0.03294746796056437,-0.004595739558565631,-0.000725,0.014039796667482562
1980-02-01,-0.1020271056094629,-0.005013132343076366,-0.00011666666666666596,0.01509462622248492
1980-03-01,-0.024160379825813313,0.0006183295913495795,-0.0021333333333333326,0.01117330059812538
1980-04-01,0.038032166748636916,0.000504076045486742,-0.002033333333333335,0.009828088936262525
1980-05-01,0.0590247482703978,-0.0040826048801757935,0.001391666666666666,0.010942358420943599
1980-06-01,0.04247496944076916,0.005692720015173941,0.002516666666666667,0.0
1980-07-01,0.027660246134792267,-0.0007692436074995578,0.0022499999999999994,0.00722894714315192
1980-08-01,0.020317867965493265,-0.0010874458257739347,0.0020166666666666657,0.008368249670516192
1980-09-01,0.02409362637680568,-0.001331934139335864,0.0013249999999999998,0.009478743954543845
1980-10-01,0.03534343638647474,0.0009400051361586805,0.0006999999999999992,0.008220833144857664
1980-11-01,-0.023820853418719132,0.0014081972040215166,-0.0008416666666666676,0.009313222146666966
1980-12-01,-0.012686347166164924,0.003922626113040199,-0.002550000000000002,0.008078520565201863
1981-01-01,-0.04345155981809066,0.001369633988245,-0.0019500000000000003,0.010291686036548064
1981-02-01,0.028231893263742154,0.004691768184691178,-0.0011333333333333334,0.006802747322751657
1981-03-01,0.001770958523444893,0.003693084986647331,-0.00019166666666666637,0.006756782462880473
1981-04-01,-0.027543467297759125,0.0028664641813535077,0.00035000000000000135,0.007825640831390146
1981-05-01,-0.004947760281577063,0.003714335053930871,-0.002333333333333333,0.008869237740779745
1981-06-01,-0.03243846465790578,0.00047388768742896194,-0.0007250000000000017,0.01097705863115106
1981-07-01,-0.004376003332269809,0.003997718939703042,-0.00023333333333333366,0.007612869828721891
1981-08-01,-0.09905226309627171,0.00231199650996893,-8.33333333333311e-5,0.009703580182739202
1981-09-01,0.00491796601486745,0.009285529635685097,0.0009499999999999995,0.0021436235432510387
1981-10-01,0.01867560498404186,0.007375240303294908,0.0009083333333333356,0.0032068440095791573
1981-11-01,0.00270766355510821,0.005394903474669579,0.0018916666666666682,0.003196593025627692
1981-12-01,-0.057952422715870436,0.00539757180344453,0.002608333333333334,0.0031864073694078954
1982-01-01,-0.02936559633390187,0.006475844040378815,0.001550000000000001,0.003176286418420382
1982-02-01,-0.038809421416121606,0.011595676887514861,0.00045833333333333143,-0.0010576415581349252
1982-03-01,0.04253236973163421,0.0057246086354883225,0.0012500000000000011,0.004223871116185052
1982-04-01,-0.004830186592411228,0.0005242902272044169,0.0009749999999999984,0.009438979360932187
1982-05-01,-0.06383360782911907,-0.0029372990228256814,0.0013500000000000005,0.0124482935265684
1982-06-01,-0.007878263678961033,0.004651628285234662,0.0016416666666666663,0.005141399500418586
1982-07-01,-0.0015095155659668718,0.006909836264671206,0.001941666666666668,0.0020491810449358994
1982-08-01,0.10650877059785432,0.00489147605977753,0.003441666666666665,0.0020449904877271052
1982-09-01,0.07818204522656255,0.0032920030019953075,0.0031750000000000016,0.0030596658239554486
1982-10-01,0.03745435346586706,0.008228090387729842,0.0025000000000000005,-0.0020387366898475534
1982-11-01,0.006727282672430068,0.010557400195440506,0.002266666666666666,-0.004089985251525263
1982-12-01,0.0317848838394821,0.004320027311808992,0.0020166666666666666,0.002047083621724788
1983-01-01,0.014488953559611634,0.005283352831056552,0.002450000000000001,0.0010219724956925802
1983-02-01,0.031072594379728966,0.006498253443049054,0.0018000000000000004,0.0
1983-03-01,0.03405390230486584,-0.0004416669059352264,0.0018916666666666656,0.00712471207212495
1983-04-01,0.03633937438204996,0.0005085471173841664,0.0017166666666666658,0.006066752682237997
1983-05-01,0.010538375902362954,0.0035402663522297135,0.002183333333333333,0.0030196298737195093
1983-06-01,-0.00024441661142109074,0.003008727880447177,0.0018083333333333345,0.004012041489961149
1983-07-01,-0.031793190746137144,0.004244111336185331,0.002233333333333333,0.002998502996256036
1983-08-01,0.024758022600010227,0.002463397882810768,0.0022000000000000006,0.004977611073752719
1983-09-01,-0.0010091721635233902,0.004206757570011452,0.002033333333333333,0.0029747171167429087
1983-10-01,-0.01858529658416562,0.004927549806418994,0.0025833333333333324,0.0019782400121055588
1983-11-01,-0.008523002578503781,0.006010131746742752,0.002391666666666668,0.0009876544012721311
1983-12-01,0.0081366883273811,0.0012759457127126317,0.0023499999999999997,0.005905528974041729
1984-01-01,-0.059630011175445204,0.002210214619173867,0.0023083333333333315,0.004894772376728085
1984-02-01,-0.003119185320895529,0.005299033503869469,0.002458333333333334,0.0019512201312616995
1984-03-01,-0.002824849902572431,0.0027166246297631045,0.0025083333333333346,0.0048614582862454014
1984-04-01,-0.010523929845214849,0.00480176390151497,0.002608333333333334,0.002905571051414313
1984-05-01,-0.02670019576708605,0.004916474323193908,0.0034000000000000002,0.002897153161153021
1984-06-01,-0.017251219997051887,0.003994111508283079,0.0033083333333333333,0.0038498603854417723
1984-07-01,0.079384150871236,0.004198278739917455,0.0023250000000000007,0.003835095783942144
1984-08-01,0.005258371773223962,0.0035245383220168253,0.001933333333333332,0.004773278752657539
1984-09-01,-0.012682375459628043,0.00536927866731866,0.0017500000000000016,0.002853068982406448
1984-10-01,0.004684421090525975,0.00774531213689483,0.0017083333333333325,0.0
1984-11-01,-0.014183284869055762,0.006882774858654443,0.0024750000000000006,0.0
1984-12-01,0.03908083794549159,0.004562169759460634,0.002908333333333333,0.0018975337761917288
1985-01-01,0.0496551433898175,0.001499887646889097,0.002841666666666667,0.004728141195945668
1985-02-01,-0.011612984345152913,0.0028550106490825384,0.003033333333333333,0.0037664827954770885
1985-03-01,0.003108839434407885,0.002125450693431407,0.002608333333333335,0.004688241123455228
1985-04-01,0.02031710124506124,0.002639999308740395,0.002883333333333334,0.003734831605653355
1985-05-01,0.01852527902070083,0.0032192183889018927,0.0023333333333333314,0.002791998091031367
1985-06-01,0.01640012625907008,0.003742260047813822,0.002749999999999999,0.001857010747213117
1985-07-01,-0.0244166529189041,0.0038469340726821873,0.002908333333333333,0.0018535686493228454
1985-08-01,-0.024866530679356395,0.0029732568226688667,0.0026166666666666656,0.0027739268827247088
1985-09-01,0.008915059559731951,0.0020294258352485115,0.002675000000000001,0.0036866401202191312
1985-10-01,0.05609804013587742,0.0030066501220466927,0.0023749999999999995,0.0027560881019796923
1985-11-01,0.0454342811825615,0.003076414328289385,0.001958333333333332,0.0027485129533495467
1985-12-01,0.0015922050023823497,0.0029750866240452764,0.0015833333333333333,0.0027409793314223663
1986-01-01,0.04939515095782214,0.008433699346596307,0.0016750000000000003,-0.0027409793314223663
1986-02-01,0.053980573559716895,0.010269997342079003,0.0008916666666666673,-0.00458506076065035
1986-03-01,0.021535465393338272,0.007134761989006931,0.0006916666666666668,-0.0018399269220079617
1986-04-01,-0.000127653182792533,0.002144276370994508,0.0011000000000000003,0.002758622439079872
1986-05-01,0.02567260776035566,-0.0005209358042098551,0.0015833333333333333,0.005494519317641
1986-06-01,-0.02329067532615084,0.005020673362113074,0.0009499999999999995,0.0
1986-07-01,0.01766603799113359,0.0028971692351657296,0.0012583333333333327,0.0018248180246294154
1986-08-01,-0.029371000040461955,-6.210554638708381e-5,0.001183333333333334,0.004547529437629372
1986-09-01,-0.0052146226978031325,0.003325317695366165,0.0018666666666666666,0.0009070295406425899
1986-10-01,0.030329982755895775,0.0033023742642204644,0.0017999999999999995,0.000906207583538432
1986-11-01,0.012463193438797097,0.003437775740362972,0.0015000000000000005,0.0009053871148125836
1986-12-01,0.05985310973665941,-0.001829436967431544,0.0014166666666666668,0.006314860858673832
1987-01-01,0.0579641438494661,0.000815751836002074,0.001458333333333334,0.0035906681307285027
1987-02-01,0.038097654218412505,6.251018829052206e-5,0.001333333333333334,0.004470280130903781
1987-03-01,-0.013204561519301147,-0.0008053006484223125,0.0016000000000000007,0.0053380909676166155
1987-04-01,-0.0029432355272765304,0.0010292797103923718,0.0021416666666666667,0.0035429620763443026
1987-05-01,0.03921704973556549,0.0010575633462906516,0.002358333333333334,0.003530453799382549
1987-06-01,0.025977706576813805,0.0019562189346311936,0.0022583333333333344,0.00263968477077281
1987-07-01,0.05769680204128116,-0.0006468826673698613,0.002474999999999999,0.005258557253466911
1987-08-01,-0.03570560685769579,-0.0003438664648251393,0.0024666666666666665,0.005231049417552924
1987-09-01,-0.13112374197441282,0.0025643169981915213,0.0026916666666666677,0.0026052989117628655
1987-10-01,-0.1359388662733206,0.004090954183150391,0.0022916666666666667,0.0008669267989862561
1987-11-01,-0.018099626646914425,0.00461167458609705,0.00275,0.0
1987-12-01,0.03669576050850285,0.0020784481536908882,0.002550000000000001,0.0025962801256316226
1988-01-01,0.027844309823667257,0.0021166803372646755,0.0020416666666666656,0.00258955690673357
1988-02-01,0.02703821568984542,0.0002869352462820437,0.0020833333333333337,0.004301081899391157
1988-03-01,-0.013575169509658782,-0.0005174386905739221,0.002391666666666667,0.005136997597915638
1988-04-01,-0.026933045359582845,0.0013748945917482908,0.0024666666666666656,0.00341006298054225
1988-05-01,0.052924639945435725,0.0008136037047739202,0.002449999999999999,0.004246290881451564
1988-06-01,-0.00840205672081911,0.0009882590368556618,0.001966666666666666,0.004228336109521003
1988-07-01,-0.022842196885997097,0.001217142041805004,0.001991666666666666,0.004210532536343514
1988-08-01,0.013198958387521088,-0.0010152559883904759,0.0018250000000000002,0.00670019256981913
1988-09-01,0.031226173535729613,0.0024915908618806278,0.0013583333333333312,0.0033333364197583037
1988-10-01,-0.026418263786479323,0.0050787606485318375,0.0010833333333333346,0.0008316008795263841
1988-11-01,0.016522078818098557,0.004566898892758819,0.0010833333333333337,0.0016611299500759458
1988-12-01,0.027750568493835292,0.0015005173155777781,0.0008916666666666665,0.004966897628337463
1989-01-01,0.025539455965315913,0.0025011744715397284,0.0006166666666666664,0.004120318973019899
1989-02-01,-0.00865629040559116,0.0010812973780929503,0.0006583333333333354,0.005740073161059733
1989-03-01,0.027637213297125075,0.0005237557585258575,0.00040000000000000105,0.006519990497281469
1989-04-01,0.03307478262402068,0.0012431329994411974,0.0003083333333333332,0.005670327060087743
1989-05-01,0.026327741564552934,0.004324219497934409,0.0001416666666666658,0.002420331960065525
1989-06-01,0.020797018983647844,0.004114592439730426,-4.166666666666728e-5,0.0024144880945176084
1989-07-01,0.03921772093686785,0.004714349975346053,-4.999999999999883e-5,0.001606426048273768
1989-08-01,-0.001978036712347318,0.003131092907384214,0.00029999999999999905,0.00320513094894892
1989-09-01,-0.0035638831648557535,0.0014317785178506728,0.0004666666666666673,0.004788516731796477
1989-10-01,-0.02456105078891477,0.0037494913063477993,0.0002333333333333328,0.0023856870162033417
1989-11-01,0.020580443172525074,0.00458657669215208,0.00012499999999999838,0.00158730192057277
1989-12-01,-0.02860992252566704,-0.004129064059845641,0.0002500000000000002,0.010256500167188598
1990-01-01,-0.03183915349360164,0.001436657540996947,0.0006583333333333337,0.004698520781554194
1990-02-01,0.02023874513283225,0.000758710256227182,0.0006416666666666663,0.005453850682464179
1990-03-01,-0.004572815185853628,0.00478342851327217,0.0006250000000000006,0.0015527953430609642
1990-04-01,0.031265338809817314,0.0039110803150281285,0.0010583333333333339,0.0023246814033592855
1990-05-01,0.024727172207664908,0.0008092286106389035,0.0007166666666666658,0.005403332328052457
1990-06-01,-0.004707107510136127,0.0023631000938353075,0.0005833333333333324,0.003841725815998842
1990-07-01,-0.08792803993882599,-0.003040676225898973,0.0006166666666666655,0.009160369398664159
1990-08-01,-0.05040635029787169,-0.0023359693552430123,0.0011749999999999998,0.008323922446945353
1990-09-01,-0.0294314206919596,-9.241256586875815e-5,0.0012166666666666662,0.006010536502142116
1990-10-01,0.023385226497038065,0.0035258445409104278,0.0012333333333333337,0.0022446698538240994
1990-11-01,0.0388734916459527,0.005684936581428654,0.0009999999999999992,0.0
1990-12-01,-0.012441033133075348,-0.0005257874400233847,0.0011166666666666668,0.0059612695164990015
1991-01-01,0.10436104769486151,0.003543737816267695,0.0015083333333333329,0.001484781267579116
1991-02-01,0.024980623483305237,0.0033259792171342747,0.0017333333333333324,0.0014825799602231626
1991-03-01,0.01737666084474166,0.003304572401856401,0.0017833333333333338,0.0014803851704341398
1991-04-01,-0.0064735394917515374,0.0016259179420668032,0.0019749999999999993,0.0029542118974310583
1991-05-01,-0.0010754974516977399,0.0014846187797618324,0.0021666666666666666,0.002945510229757531
1991-06-01,0.003139497066139681,0.0030474965217668236,0.0022250000000000004,0.0014695079793591859
1991-07-01,0.021745314521981966,0.0015923443626701611,0.0021833333333333323,0.0029325534212780724
1991-08-01,-0.007443172294006408,-5.542708339815235e-5,0.0020750000000000005,0.004382768155094752
1991-09-01,-0.002529312464537344,0.0027836030297499507,0.0018750000000000008,0.0014566644964641995
1991-10-01,-0.003990950639582361,0.0011509313369202452,0.002066666666666667,0.0029069787913096334
1991-11-01,0.005492034733452868,0.00299048072429175,0.0023500000000000005,0.0007254262196978445
1991-12-01,0.06745911150176918,0.001875188022482547,0.0021999999999999993,0.0014492756159905085
1992-01-01,-0.009159076185398496,-0.0005060442785814454,0.0029249999999999996,0.0036140263405561868
1992-02-01,-0.013330012155740532,-0.0018977051159830356,0.0028583333333333334,0.005037794029957077
1992-03-01,-0.0007217724720484861,0.0018657174070364404,0.002916666666666666,0.0014347204756601784
1992-04-01,0.01730833301263705,0.001635166092063723,0.0032166666666666667,0.0014326650014959696
1992-05-01,-0.01636059821651502,-0.000601318570237392,0.0030833333333333338,0.0035727083375736157
1992-06-01,0.015859742010947638,0.0008579963911444434,0.0028999999999999994,0.0021375141733113168
1992-07-01,0.006689408306488688,-0.0002099666650213737,0.002925,0.0028429301308339205
1992-08-01,0.0011731800469824776,-0.00026652559085646585,0.0029083333333333326,0.002834870785846988
1992-09-01,-0.014279534297954073,-0.0011419382525527269,0.002883333333333334,0.00353232440754514
1992-10-01,0.0247551460113397,0.0009404443599893221,0.003283333333333334,0.0014094435032339092
1992-11-01,0.0295152163054972,0.0032728186302546634,0.0031833333333333336,-0.0007044734352641413
1992-12-01,-0.0012451430746886522,-0.002279886586491253,0.0029000000000000002,0.00492092381419873
1993-01-01,0.014570598149156382,-0.0010369450620806011,0.002825,0.0035001785822093012
1993-02-01,0.018797772069784224,-0.0010813900891873578,0.002583333333333333,0.0034879700517187473
1993-03-01,-0.0159236425578018,-0.0003588723380682935,0.0025666666666666663,0.0027816429618772176
1993-04-01,0.004823417108910764,0.0009700638213891743,0.00265,0.0013879252748481008
1993-05-01,0.006138881026954007,0.0010448631671041587,0.0026666666666666666,0.0013860016078774962
1993-06-01,-0.0019412089117533146,0.0025198485883841664,0.0022749999999999997,0.0
1993-07-01,0.014906490424529977,-0.0002706637955607154,0.0023250000000000002,0.0027662534928900584
1993-08-01,0.010920013778956917,0.0004097332405867348,0.0020250000000000003,0.0020696799385255815
1993-09-01,0.00986827544543419,-0.001703782687207932,0.002041666666666667,0.004126553311016856
1993-10-01,-0.0024295456913894114,0.0017933068057133738,0.002008333333333333,0.0006861063733989425
1993-11-01,0.006241499213646275,0.0025441004195685727,0.002275,0.0
1993-12-01,0.014637686253169545,-0.0002279646651218415,0.0023083333333333332,0.0027397277411207455
1994-01-01,-0.003223222280186219,-0.0009670871140983971,0.0022666666666666664,0.0034141378332570582
1994-02-01,-0.016999258763536303,-0.000737267324753045,0.002416666666666667,0.003402521145840609
1994-03-01,-0.03685298759417599,0.0015090120993179676,0.0027249999999999996,0.0013577734604597325
1994-04-01,0.007453640248962225,0.002333391193350511,0.0028166666666666665,0.0006781960246389218
1994-05-01,0.007563559665944051,-3.6011720180827156e-6,0.0025250000000000003,0.0033840979842398866
1994-06-01,-0.008622786520004557,0.0006814398430566339,0.002666666666666666,0.00269905696916517
1994-07-01,0.02669499275408414,-0.0005025780045304403,0.002325,0.004034975212179326
1994-08-01,0.004405199151697781,0.0009711565417447787,0.002258333333333333,0.0026809667532576853
1994-09-01,-0.008259993641697681,0.003094592530839889,0.002500000000000001,0.000669120132024581
1994-10-01,-0.007792827050191564,0.0026892564283711234,0.0023833333333333337,0.0013368985948414291
1994-11-01,-0.014664533383443982,0.0042956884900480505,0.002183333333333333,0.0
1994-12-01,0.019511198770796174,0.0005406767736600418,0.0018666666666666666,0.004000005333345769
1995-01-01,0.03265400739746295,0.0006433734678319997,0.001575,0.0039840690148746916
1995-02-01,0.020410900944968096,0.0013667530497769986,0.0012083333333333338,0.0033079752295455123
1995-03-01,0.02683471991467523,0.0013461387979835657,0.0012250000000000004,0.0032970685983784165
1995-04-01,0.028178082258481306,0.002607094013639579,0.0011833333333333331,0.0019730358258582825
1995-05-01,0.026524546681867708,0.002626753085523104,0.0005250000000000003,0.0019691506198808995
1995-06-01,0.03025918908416579,0.004438030525035957,0.0006166666666666664,0.0
1995-07-01,0.0006157826256527402,0.001778998565697655,0.0008583333333333342,0.0026195168875498
1995-08-01,0.031956118675558955,0.0024225598051232566,0.0007333333333333332,0.0019601443714742928
1995-09-01,0.004690060968360805,0.0010293802276833217,0.0007416666666666665,0.0032583932380596536
1995-10-01,0.018888904512308763,0.004938603296721392,0.0006249999999999997,-0.0006508298309784166
1995-11-01,0.028824651186831012,0.005002326306898205,0.00033333333333333305,-0.0006512536863203522
1995-12-01,-0.002635264754815566,-0.0016691864464902367,0.0003666666666666679,0.005846070563424455
1996-01-01,0.05312486219441303,0.000832737181972582,0.0004999999999999996,0.003233109832146752
1996-02-01,-0.0060057110993821695,-0.0012205143774307071,0.0010833333333333337,0.005151331417129867
1996-03-01,-0.00214932619790087,0.00018793634649546306,0.00115,0.0038461585874784987
1996-04-01,0.019127857086956756,0.0021086088939412445,0.001425,0.001917546129271308
1996-05-01,0.008518018814372601,0.0034433527131958316,0.0015249999999999994,0.000638365805272656
1996-06-01,-0.03952972218837217,0.0022245890044517583,0.0013666666666666662,0.001912655986332723
1996-07-01,0.025976608543766714,0.0022758049641265297,0.0013750000000000004,0.0019090047159249224
1996-08-01,0.015819072196845963,0.0009319217610348979,0.0015916666666666666,0.0031735983475416063
1996-09-01,0.03607962204362544,0.0009736865155923627,0.001358333333333333,0.0031635584751921186
1996-10-01,0.045067457554751576,0.0021645678144490794,0.0011500000000000008,0.0018933423137807992
1996-11-01,0.007720094974992323,0.004089653137216053,0.0008583333333333325,0.0
1996-12-01,0.027929863545327314,0.0008467616699482138,0.001266666666666666,0.003147626142993687
1997-01-01,0.03844706658710534,0.0009519034652482709,0.0012499999999999994,0.003137749671967782
1997-02-01,-0.010404654994805362,0.0015706529260328976,0.0012916666666666658,0.002503130218117988
1997-03-01,-0.038855575765293526,0.002927664716501674,0.001483333333333334,0.001249219400432544
1997-04-01,0.08376127348407508,0.004817149121056333,0.0013,-0.0006244146315905752
1997-05-01,0.04772557618811179,0.002857080495737568,0.0013499999999999996,0.0012484396128389363
1997-06-01,0.0516072272996015,0.002763389977247811,0.0013166666666666665,0.001246882954562878
1997-07-01,-0.0007254482548301284,0.00223810593378087,0.0008083333333333336,0.001867414174795634
1997-08-01,0.007566234560111965,0.0016924107892727774,0.0010000000000000009,0.0024844733276614406
1997-09-01,0.012188293127719196,0.0015478390087446453,0.0009750000000000002,0.0024783160144679073
1997-10-01,-0.015697560499873926,0.004661037512585585,0.0007250000000000008,-0.0006190034242843367
1997-11-01,0.021703138965479155,0.0054160416484820145,0.0006000000000000016,-0.0012391575315477965
1997-12-01,-0.0019197656523817774,0.0023345735336336246,0.0004916666666666672,0.0018581609558321333
1998-01-01,0.05779373331505548,0.002242872403943306,0.00040833333333333346,0.0018547145965941425
1998-02-01,0.047476264293924125,0.0022859639930613443,0.0004416666666666666,0.001851280997723137
1998-03-01,0.02927750196023921,0.0022417930487367947,0.0005333333333333327,0.0018478600884792584
1998-04-01,-0.00632598776029557,0.0021817032245641027,0.0006083333333333331,0.0018444517986484499
1998-05-01,-0.0029865752907493144,0.0028380997757973597,0.00046666666666666645,0.0012277472383219745
1998-06-01,0.039522782719407186,0.002823730763094492,0.0003833333333333336,0.001226241723244037
1998-07-01,-0.07628364708932356,0.002809355038077741,0.0004499999999999999,0.0012247398958962208
1998-08-01,-0.05422571310251917,0.0027632023751022142,0.00012499999999999924,0.001223241742744463
1998-09-01,0.008978876030162102,0.001313743291746482,-0.00014166666666666668,0.0024420036555516944
1998-10-01,0.10072070123100468,0.003236335315433178,0.0005666666666666667,0.0
1998-11-01,0.03651068747975406,0.004206214600575416,0.0002750000000000005,-0.0006099420744147821
1998-12-01,0.04554707935252195,0.0011427689925708217,0.00021666666666666752,0.0024375392934388174
1999-01-01,-0.004269980984418699,0.0023238391383092333,0.0002666666666666668,0.0012165451622037082
1999-02-01,0.02509889983596254,0.0005853094584159263,0.0007083333333333334,0.003034903695153801
1999-03-01,0.03788789839799607,-0.003626195367198017,0.0006749999999999994,0.007246408520767744
1999-04-01,-0.004555355045204548,0.003500441178752511,0.0008916666666666665,0.0
1999-05-01,-0.009871994143410528,0.0036680737847311936,0.0009500000000000003,0.0
1999-06-01,0.04039168615047304,0.0007199691331336001,0.0010333333333333332,0.0030039073354002355
1999-07-01,-0.04221323400612266,0.0013112908126125138,0.0011416666666666671,0.002396645844600087
1999-08-01,-0.009912307584710784,-0.0009328005143511638,0.0010500000000000006,0.004776128482147257
1999-09-01,-0.016682812637512687,0.002026307517468976,0.0010166666666666679,0.0017851834553521684
1999-10-01,0.06454224137045957,0.003360308105112341,0.000966666666666666,0.0005943536579122721
1999-11-01,0.02345931346623628,0.00412138405938271,0.0009249999999999987,0.0
1999-12-01,-0.005510527374828836,0.0012579452278629584,0.0010416666666666664,0.002966480965096885
2000-01-01,-0.029488598351191976,-0.001587262662055492,0.0011333333333333334,0.0059066917153902665
2000-02-01,0.034004024477759104,-0.00370997413820774,0.000725,0.008211189830394261
2000-03-01,0.009402026876215407,0.004027732963663913,0.0002833333333333325,0.0005839416224331373
2000-04-01,-0.03347575722139086,0.0034211558697528396,0.00047499999999999973,0.0011668612759203612
2000-05-01,0.026301909669418182,-0.0005436073727155726,0.0004166666666666659,0.005234091623598225
2000-06-01,0.00372339468058127,0.0022941764457346326,0.0002833333333333325,0.0023174981403624173
2000-07-01,0.004384579026345857,0.004824289867981466,6.666666666666626e-5,0.0
2000-08-01,-0.015912996804238203,-0.0002683498368458142,-0.00029999999999999905,0.005194816877103214
2000-09-01,-0.05848524377817786,0.0031301163761943687,-0.0001666666666666674,0.001725625967470279
2000-10-01,-0.012827352383509478,0.004367627931836684,-0.0002833333333333342,0.0005745475596139471
2000-11-01,-0.03885853322849747,0.005563830646063142,-0.000575,-0.0005745475596139471
2000-12-01,-0.0002668335987857833,-0.0016272117979545132,-0.000541666666666666,0.006301940077277024
2001-01-01,-0.025859474961053893,0.00019506372078129976,3.333333333333313e-5,0.003989745959270152
2001-02-01,-0.09914122261799121,0.0016978262046096438,3.3333333333334e-5,0.002272728251003109
2001-03-01,0.0007900792229231326,-0.0003606341641344099,0.0004249999999999996,0.0039648876636606545
2001-04-01,0.06323878990032489,-0.001347973057230219,0.0012333333333333332,0.004512133994865941
2001-05-01,-0.027167880447443348,0.0012765328184001813,0.0015083333333333324,0.001686815131479058
2001-06-01,-0.02983459888138905,0.005671675017613667,0.0016083333333333327,-0.002812941376614475
2001-07-01,-0.023565663503584026,0.00287483670063062,0.0013000000000000004,0.0
2001-08-01,-0.12195069414802003,-0.001742928116441196,0.0012416666666666665,0.004496915953624558
2001-09-01,0.029110224261487662,0.005542250901763276,0.001633333333333333,-0.0033707897084891414
2001-10-01,0.0474433038487514,0.0034705007631433025,0.0017833333333333327,-0.001689665285127262
2001-11-01,0.012981705323486352,0.0054976326009850505,0.002425,-0.003953690549828082
2001-12-01,-0.004384162406660903,-0.0008646001452243682,0.002816666666666667,0.00226116546313726
2002-01-01,-0.03543420138319606,-0.0025809987838275594,0.00285,0.003944778291016249
2002-02-01,0.04678400129987756,-0.004187393445790986,0.002633333333333333,0.005608539659609946
2002-03-01,-0.037214946783915855,-0.004098785841759838,0.003025,0.005577259298106263
2002-04-01,-0.029987880799484657,0.0014129533874511228,0.0028333333333333335,0.0
2002-05-01,-0.06238235622504006,0.0008733193158298482,0.0027916666666666663,0.0005560189189672826
2002-06-01,-0.11506742509083451,0.0002936485301127296,0.002633333333333334,0.001111111225422512
2002-07-01,0.009903020300653173,-0.001937575341847021,0.002358333333333334,0.0033259454162726243
2002-08-01,-0.05002499269147458,-0.0003196519861854276,0.0020999999999999994,0.0016588336676433002
2002-09-01,-0.015089519767206985,-0.000308704731514416,0.0016666666666666668,0.001656086494979725
2002-10-01,0.06275684329040783,0.0013063732820839651,0.0019583333333333336,0.0
2002-11-01,-0.011402920975347411,0.003227472828103377,0.0024916666666666663,-0.002208725359555963
2002-12-01,-0.0032086036729438994,-0.0034267703547440033,0.0022000000000000006,0.004412583000875436
2003-01-01,-0.06715495320171191,-0.006706135925863672,0.002358333333333334,0.0076754762783393105
2003-02-01,0.012006504492591028,-0.005020331788266115,0.002116666666666667,0.005989672140741753
2003-03-01,0.050492279543403414,0.0031102998934522683,0.0022500000000000003,-0.0021739138996199614
2003-04-01,0.050745868323964445,0.002569928420793428,0.0023000000000000004,-0.001633542426961121
2003-05-01,0.05450988264476195,-0.00020239471824830193,0.0019166666666666663,0.0010893247264549544
2003-06-01,0.0051804336732860674,-0.0003249779071316947,0.002183333333333333,0.0010881393891954971
2003-07-01,-0.0023983627072573163,-0.0030525453441871057,0.0029916666666666668,0.0037991904584764313
2003-08-01,0.030302782031160123,-0.0024570702457639205,0.0029166666666666672,0.0032450001433268483
2003-09-01,0.019288681271345677,0.001860171710756656,0.002516666666666666,-0.0010804971337545766
2003-10-01,0.011273496548374218,0.003469523079806537,0.0028416666666666664,-0.0027063615977427347
2003-11-01,0.029385868151905425,0.001856017243360002,0.002841666666666667,-0.0010845988048036048
2003-12-01,0.047377020058608256,-0.004124812422011591,0.002808333333333333,0.004871457536300916
2004-01-01,0.010077934979314777,-0.004654917158506619,0.0027333333333333333,0.005385042630887682
2004-02-01,-0.016511898357503486,-0.0056525865227984706,0.00255,0.006424004961354868
2004-03-01,0.008854907254890389,-0.0024169184486256125,0.002433333333333333,0.003196593025627692
2004-04-01,-0.02670695564966582,-0.0050543382574604195,0.0029916666666666668,0.005834012834462499
2004-05-01,0.027304467164630402,-0.0023222070222389322,0.0030333333333333336,0.0031679012765568615
2004-06-01,-0.023651533321371317,0.0026343654686660613,0.0027916666666666663,-0.001582696188990873
2004-07-01,-0.015043809494170711,0.000573183852174712,0.0026416666666666663,0.0005278437705031891
2004-08-01,0.026190797201523383,-0.0008842975671764851,0.002208333333333333,0.002108593295758965
2004-09-01,-0.0003410990005090241,-0.003888333406273481,0.0020749999999999996,0.00525211291346217
2004-10-01,0.04511457075259711,0.0009302121520488695,0.0019083333333333333,0.0005236973149278512
2004-11-01,0.025158062009855545,0.005379042613468799,0.0019083333333333335,-0.003671653744525827
2004-12-01,-0.015367939517319512,-0.0002944350012673779,0.0017083333333333332,0.0020997383042695716
2005-01-01,0.01472975534504924,-0.0038322582504166664,0.001508333333333333,0.00575164984296439
2005-02-01,-0.004649665815150495,-0.005699992067658383,0.001516666666666667,0.00779022376494698
2005-03-01,-0.02660986590606823,-0.00445017195003357,0.0014666666666666665,0.006702783537619439
2005-04-01,0.010955575438998374,0.003313327356898588,0.0011916666666666668,-0.001028277725565907
2005-05-01,0.019196000350157182,0.001819412001970275,0.0009666666666666669,0.0005142710321628385
2005-06-01,0.015433253392423667,-0.0021776184101339876,0.0008083333333333328,0.004616576550181328
2005-07-01,0.0004254820184484381,-0.002463619083975077,0.0008833333333333341,0.005104656311682554
2005-08-01,-5.930835111756351e-5,-0.009327435929149325,0.0004833333333333326,0.012145898302108549
2005-09-01,-0.02937796528664783,0.0007922974869748055,0.0007666666666666668,0.0020100509280238654
2005-10-01,0.0357265528610012,0.011100256221192558,0.0007166666666666671,-0.008064559836729934
2005-11-01,0.017974372151217825,0.007228984096153008,0.0005083333333333337,-0.004056800695614982
2005-12-01,0.011317898149789112,-0.004412845816401466,0.0004166666666666659,0.00759305090759721
2006-01-01,-0.0036789512956430415,0.0014453648703535997,0.00024166666666666694,0.002015114032021259
2006-02-01,0.011059811633231501,-0.0019084829480683681,0.00010000000000000026,0.00552071665668219
2006-03-01,0.004204871632949524,-0.0047964672874245655,0.00029166666666666707,0.008472515172284645
2006-04-01,-0.01169515561915602,-0.0012027246896285817,0.00039166666666666733,0.004950505159856178
2006-05-01,-0.0312959971084184,0.0018699676826215077,0.0003333333333333339,0.0019733602851745857
2006-06-01,0.003196647717064653,0.000946255407348667,0.0002999999999999999,0.0029527580508812434
2006-07-01,0.018524361472104577,0.0020624823254528973,3.333333333333313e-5,0.0019636726977596553
2006-08-01,0.02085044871877262,0.008950525682614861,-0.0001833333333333331,-0.004916430748640899
2006-09-01,0.031486509881998935,0.009351055678426132,-0.0001416666666666671,-0.0054361389122599135
2006-10-01,0.015715860291474825,0.005490057283652646,-0.0002583333333333335,-0.00148772653277085
2006-11-01,0.0171335407677275,0.0025304878231020116,-0.0004000000000000002,0.00148772653277085
2006-12-01,0.0028747693045663592,0.0008988365271813369,-0.00011666666666666596,0.003047877752805128
2007-01-01,0.011683944130902743,-0.0012861327070095106,-0.0001250000000000001,0.00533610519334804
2007-02-01,-0.029180386500110286,-0.004974835821459678,-0.00039166666666666777,0.009064488958675732
2007-03-01,0.036800521089866485,-0.0024569392025358024,-0.0002416666666666665,0.006475153558408664
2007-04-01,0.029272470073431346,-0.002129515458145986,-0.00019999999999999966,0.006092123946331185
2007-05-01,-0.0004812781224139157,0.0019151855910392417,0.00014166666666666668,0.0019360997253743406
2007-06-01,0.0019040151526619033,0.00401015651447033,0.0003500000000000005,-0.00025440956717215357
2007-07-01,-0.04684282737631097,0.005758453166694322,-3.333333333333313e-5,-0.001835585884533586
2007-08-01,0.026762751875541977,0.000676378422379009,0.00028333333333333335,0.0027521168552189224
2007-09-01,0.026213990228088117,0.0010432985749912814,0.0005833333333333328,0.002136906516204462
2007-10-01,-0.052405616668314926,-0.0027338218717820766,0.0004833333333333339,0.005922047881539605
2007-11-01,0.009582252042463414,0.003352482566945515,0.0005833333333333333,-0.0006710882590104106
2007-12-01,-0.0710184317030227,-0.0024950304206394483,0.0008666666666666666,0.004958263940768148
2008-01-01,-0.018010192362472078,-0.0006391811153660088,0.0007666666666666664,0.0028999033977203936
2008-02-01,-0.028319103631046085,-0.006882659143289482,0.001175,0.008630859675388791
2008-03-01,0.040453646900932325,-0.005003021595824006,0.0018250000000000004,0.006046461641963319
2008-04-01,0.024197341351561,-0.007317502858449877,0.0020666666666666663,0.008385628167667747
2008-05-01,-0.044743748111500274,-0.00859722430166726,0.0019416666666666666,0.01002656253646439
2008-06-01,-0.06412930843164986,-0.0037015113531326266,0.001775,0.0052372726421632265
2008-07-01,0.019496114792044248,0.005346931566006889,0.001966666666666667,-0.00399954980254158
2008-08-01,-0.05101428834126645,0.0028051220073259794,0.0017583333333333335,-0.0013839757935070196
2008-09-01,-0.2258901721709069,0.01108908393926325,0.002266666666666667,-0.010152697945430944
2008-10-01,-0.09029496063896271,0.019895159397187355,0.002783333333333333,-0.01933868816775064
2008-11-01,-0.003674407357885389,0.010554511954842988,0.002283333333333334,-0.010396328847919634
2008-12-01,-0.011039959112087069,-0.0043179767501560825,0.0018499999999999999,0.004342973000905914
2009-01-01,-0.06931041514821235,-0.0048523458681410895,0.0022833333333333334,0.004960608845776093
2009-02-01,-0.058657054032330375,-0.0021791707913995204,0.002266666666666667,0.0024287965397160605
2009-03-01,0.11568693568667121,-0.0023184410196313778,0.0020833333333333333,0.0024932575264768886
2009-04-01,0.0641449017942405,-0.0027513725937914867,0.0025,0.0028845993740995723
2009-05-01,0.028026018691702126,-0.00840334389778008,0.002741666666666667,0.008553209059561695
2009-06-01,0.012472403528065945,0.0017367104572282295,0.0027916666666666667,-0.001586845295446615
2009-07-01,0.0777345425247154,-0.002090473449345543,0.0027833333333333334,0.0022403386111271573
2009-08-01,0.03560301085363376,-0.0004837387756785619,0.002691666666666667,0.0006252851619770183
2009-09-01,0.02356872196732951,-0.0008626976534782792,0.0026583333333333333,0.0009626377014351206
2009-10-01,0.020597807086294467,-0.0006491901032742068,0.002783333333333333,0.000707503029463652
2009-11-01,0.02190185654132655,0.0018044071558114914,0.002633333333333333,-0.0017627509023405707
2009-12-01,0.01340483505290109,-0.003369991024236787,0.0031666666666666666,0.003411647277707708
2010-01-01,-0.029422799237572548,-0.00019919132907740653,0.0029749999999999998,0.0002491763350747078
2010-02-01,0.057541079730609936,-0.0040062594759975485,0.002916666666666667,0.004097875762939296
2010-03-01,0.039886422642337,-0.0016104719267774812,0.0030749999999999996,0.0017353782704221388
2010-04-01,-0.06065050485498645,-0.0006416702636508585,0.0029416666666666666,0.0007748970439589442
2010-05-01,-0.03614331835768013,0.0011099707240792046,0.0026249999999999997,-0.000976743943771119
2010-06-01,-0.0016784059947863028,-0.00011108074296166214,0.0023750000000000004,0.00021102079091850356
2010-07-01,0.008461909561163456,-0.0012464852575570472,0.0023166666666666665,0.0013797120378651329
2010-08-01,0.03297870971765761,-0.00044834030748147277,0.001925,0.0005815670877895585
2010-09-01,0.04457419135529218,-0.0011195179276647835,0.001983333333333333,0.0012444242713094411
2010-10-01,0.024468698502177703,-0.00031229499927953316,0.0020833333333333337,0.00042055797691453733
2010-11-01,0.03630388974039783,-0.0016003808830512942,0.002225,0.0017169659591935726
2010-12-01,0.033886827876902725,-0.004635336692650299,0.0026333333333333334,0.0047519217687925774
2011-01-01,0.030869554730270424,-0.004794339328272936,0.002725,0.004919245671917594
2011-02-01,-0.011261342528077973,-0.009595574162324145,0.0027416666666666666,0.009703837139959148
2011-03-01,0.021872311543060456,-0.006335493293340087,0.0028083333333333337,0.006418784987763715
2011-04-01,0.0065319814303082795,-0.004643172409373717,0.0027166666666666667,0.004693157415371019
2011-05-01,-0.037264952772020535,0.0011048676201456107,0.0025083333333333333,-0.0010715409517016994
2011-06-01,0.030486076875003303,-0.0008523266916050656,0.002616666666666667,0.0008856533600489769
2011-07-01,-0.10962956006361742,-0.002720467061059773,0.002316666666666667,0.002753793729503684
2011-08-01,-0.007903211243936894,-0.0015006454175996932,0.0018416666666666668,0.0015173104178218821
2011-09-01,0.02971400464507198,0.0020731458097458244,0.0015916666666666666,-0.002064812893051382
2011-10-01,0.01750087611963191,0.0008605823287417057,0.0017916666666666669,-0.0008439173285195167
2011-11-01,0.015423394339890565,0.002477896156474202,0.001725,-0.0024695632397797596
2011-12-01,0.0466531265509785,-0.004382205974253317,0.0015666666666666667,0.004390538890947759
2012-01-01,0.04071305223822889,-0.004368312571126997,0.0015,0.004393308821876829
2012-02-01,0.028330412039755587,-0.007490898877965226,0.0015749999999999998,0.007565865148201567
2012-03-01,-0.000426072902723815,-0.002949835350056605,0.0017916666666666667,0.003016475364270299
2012-04-01,-0.03138544676278779,0.0012408084465695432,0.0015583333333333332,-0.0011741684323558488
2012-05-01,-0.011621776440255997,0.0015424393668292383,0.00125,-0.0014674730965928973
2012-06-01,0.028696319578742163,0.0017060816778191026,0.0013166666666666667,-0.0016311154075827616
2012-07-01,0.03320378795899492,-0.005466438208294442,0.001175,0.00554972990271807
2012-08-01,0.029658120335045106,-0.004368994421470583,0.0012250000000000002,0.004452286115894211
2012-09-01,-0.0022265637030225633,0.0004806170784936548,0.0012833333333333334,-0.0003890007915519078
2012-10-01,-0.02877874767752909,0.004832638704381622,0.00135,-0.004749347009957994
2012-11-01,0.021443748163765236,0.0027716635823655227,0.0012750000000000003,-0.0026966973121291815
2012-12-01,0.04168983874693602,-0.0028946270447956684,0.0014249999999999998,0.0029529399709851134
2013-01-01,0.022982729723849432,-0.008098360313470627,0.001625,0.008156673239660073
2013-02-01,0.02674980812542726,-0.002527805008017901,0.0014916666666666667,0.002611096702441529
2013-03-01,0.014356960705081053,0.0011151465473013247,0.0014833333333333335,-0.0010401802770649837
2013-04-01,0.044626625500331446,-0.001728839720370621,0.0013666666666666669,0.0017788247263679224
2013-05-01,-0.011231897661450234,-0.002363506715752473,0.0017666666666666668,0.002396833384196384
2013-06-01,0.0319533461063682,-0.00035226368311452,0.002058333333333333,0.00039391993658544067
2013-07-01,0.002506099031921933,-0.0011688819461467272,0.002133333333333334,0.0012022086145906385
2013-08-01,0.011822203261336468,-0.001129002050998751,0.0022833333333333334,0.0011623287194426624
2013-09-01,0.020915290645154513,0.0025952700061446297,0.0021833333333333336,-0.002578605005922441
2013-10-01,0.037783307308618744,0.0020861690366279027,0.0020999999999999994,-0.002044512783156982
2013-11-01,0.015031131900206133,0.00014412810608936254,0.0022333333333333333,-8.581517989991738e-5
2013-12-01,0.009579151418823954,-0.003655031740969668,0.0024749999999999998,0.003713344667159113
2014-01-01,-0.0013108110809471767,-0.0036577615274376867,0.002191666666666667,0.0036910881958815978
2014-02-01,0.02679518878851901,-0.006377739392585615,0.002175,0.006419395646056536
2014-03-01,0.0019900008317002707,-0.003249675818961675,0.0022333333333333333,0.0032913320724325956
2014-04-01,0.015174065602317191,-0.0034615285917828143,0.0022,0.0034865248425326456
2014-05-01,0.03140734425923134,-0.001835399084283962,0.002041666666666667,0.0018603953350337932
2014-06-01,0.01480873399806741,0.0004235967780775727,0.002075,-0.0003902701096336614
2014-07-01,-0.004278417586253988,0.0016969072812026641,0.002125,-0.0016719110304528328
2014-08-01,0.01758900997799166,-0.0007272895356379206,0.0019333333333333331,0.0007522857863877519
2014-09-01,-0.02677729116400596,0.0025321038781062686,0.0020833333333333333,-0.0025154388778840797
2014-10-01,0.055400843729824234,0.00543071248276989,0.0019416666666666666,-0.005414047482547701
2014-11-01,0.006307487164184053,0.005702901956647194,0.0018000000000000002,-0.005686236956425006
2014-12-01,-0.011147740091375277,0.004741996196799514,0.0017833333333333334,-0.0047169999460496825
2015-01-01,0.027833064632963905,-0.004308644871009326,0.001375,0.0043336411217591575
2015-02-01,0.0005568154969973738,-0.00591741507952142,0.0016500000000000002,0.005934080079743609
2015-03-01,0.008721460820317254,-0.0020058135130736955,0.0015916666666666666,0.0020308097638235267
2015-04-01,0.009723783253583805,-0.00506762011507727,0.0016916666666666666,0.005084285115299458
2015-05-01,-0.0043589245967120575,-0.0034800842385121424,0.00175,0.0034967492387343313
2015-06-01,-0.0007989850009321197,-5.0379911513070054e-5,0.0019416666666666666,6.704491173525895e-5
2015-07-01,-0.02451138720042963,0.0014422764007712362,0.0018083333333333335,-0.001417280150021405
2015-08-01,-0.0460763127727801,0.0016162825060751882,0.0017833333333333332,-0.001557969579885743
2015-09-01,0.042190854014728774,0.0004664498887280775,0.0017000000000000001,-0.0004497848885058886
2015-10-01,0.028851795300361856,0.0021295760044456945,0.0017833333333333336,-0.0021129110042235055
2015-11-01,-0.011156387763845643,0.0035228880932475937,0.0017416666666666665,-0.0034229480452907524
2015-12-01,-0.06640070562042494,-0.0014602907521936122,0.0017000000000000001,0.001651737339583903
2016-01-01,-0.0057095599358427725,-0.0006063525044438956,0.0014,0.0008227379917160604
2016-02-01,0.06132850626101433,-0.004038822110277868,0.0011916666666666666,0.004296755852553069
2016-03-01,0.027639710271147453,-0.004488547587283923,0.0012416666666666665,0.004729864513286053
2016-04-01,-0.0032235338579206796,-0.0038461822059678258,0.0013333333333333335,0.004037628793358117
2016-05-01,0.010375556623068879,-0.0030542876216152716,0.0013083333333333334,0.0032789844172604887
2016-06-01,0.03217248440574816,0.001844143797113761,0.0010166666666666668,-0.0016194470014685436
2016-07-01,0.01166108859665946,-0.0006683828606942721,0.0009666666666666667,0.0009180086090108119
2016-08-01,-0.004628336515837299,-0.0021514851409748623,0.0010666666666666667,0.0024011108892914024
2016-09-01,-0.005293596793601163,-0.0010046550414554406,0.0010916666666666666,0.0012459719674575709
2016-10-01,0.011655925537573929,0.0018312190982989055,0.0012583333333333333,-0.0015566718525130696
2016-11-01,0.038272843029650234,4.689093837990157e-5,0.0016,0.0003272678343577695
2016-12-01,0.01383633619099657,-0.005386892450902533,0.0016166666666666669,0.005810812371615626
2017-01-01,0.024982570652827954,-0.0027172587941150157,0.0016166666666666669,0.003141178714828108
2017-02-01,0.01689063828555699,-0.0003802571733621402,0.0015333333333333332,0.0008124677306371453
2017-03-01,-0.002142593665990731,-0.002346748651199308,0.0013833333333333332,0.0029611448453170652
2017-04-01,0.01610087274358367,-0.00019034262276988517,0.0012416666666666665,0.0008543567602012914
2017-05-01,0.01685089384437124,-0.00016831413561767098,0.0010999999999999998,0.0009066998383007174
2017-06-01,0.009011560313661758,0.0015028516985556915,0.0011083333333333331,-0.0006901607449991687
2017-07-01,0.0015930452326492193,-0.0021030478467329436,0.0010249999999999999,0.002989977854939596
2017-08-01,0.01554309333379579,-0.004443492511639034,0.0009249999999999999,0.005280937166055821
2017-09-01,0.026091457499054338,0.0014861849641696714,0.0010833333333333335,-0.0006322419265405443
2017-10-01,0.014865491326046724,0.0008626056181391541,0.0010916666666666661,2.4324390067498314e-5
2017-11-01,0.027369831309096912,0.0016067525869407119,0.0009916666666666665,-0.0005880051183932977
2017-12-01,0.046319174221818075,-0.004340156898765203,0.0009,0.005432960160880462
2018-01-01,-0.030407273346273137,-0.003357645942866752,0.0010916666666666668,0.0045244392458512195
2018-02-01,-0.0006495631293055534,-0.0009604042423176317,0.001083333333333333,0.0022585734059274998
2018-03-01,-0.018155809706351164,-0.0025624520063974683,0.0008666666666666666,0.00396721176193271
2018-04-01,0.017943222060306904,-0.002696383067277087,0.000991666666666667,0.004150292534253808
2018-05-01,0.01934116822146194,-5.68455407403154e-5,0.0008083333333333332,0.001592606829770915
2018-06-01,0.014093557779300202,0.0015010185333072725,0.0007916666666666666,6.746098674170753e-5
2018-07-01,0.02255971672454791,0.0010621447214725357,0.0008333333333333337,0.0005553880718460746
2018-08-01,0.014958030956222225,0.0005133745943847504,0.0006916666666666666,0.0011613505472087837
2018-09-01,-0.04094384449555555,-8.844098202359478e-6,0.0007666666666666666,0.0017652045650287107
2018-10-01,-0.022801313558813315,0.005209187553111892,0.0007500000000000002,-0.0033549701418769118
2018-11-01,-0.05905085938913183,0.0051184659939567095,0.0005666666666666665,-0.0031990744014089856
2018-12-01,0.01522051036053048,4.7178161875576245e-5,0.00026666666666666635,0.0019047814167567623
2019-01-01,0.05460422456923949,-0.0022661846690897056,0.00021666666666666666,0.004218144247722044
2019-02-01,0.017286435442938487,-0.003657266688063323,0.00028333333333333335,0.005625505487949489
2019-03-01,0.034514186933338825,-0.003304655163444748,8.333333333333283e-6,0.005281032381554418
2019-04-01,-0.01737882329783706,-0.00016639640648504752,0.00010833333333333355,0.002126495993263866
2019-05-01,0.011984428592409299,0.0017365498222874417,-0.0001749999999999996,0.00019912735431315554
2019-06-01,0.03570761413929172,0.0001194450652672065,-0.00014166666666666668,0.0016695471526695371
2019-07-01,-0.033527868542406546,0.0017825477849720015,-6.66666666666667e-5,-5.066951976129275e-5
2019-08-01,0.028727537171643655,0.0008262174114068216,-0.0003749999999999999,0.000783141841290913
2019-09-01,-0.0014638207589251849,-0.0007232800283368472,-0.00017500000000000003,0.0022835811948453966
2019-10-01,0.0419536369345728,0.001900166371574863,3.333333333333313e-5,-0.0005363868643861736
2019-11-01,0.02308514459454874,0.002183735577449253,0.00019999999999999987,-0.000910183616519511
2019-12-01,0.03159897270830652,-0.0025987110799236767,0.0003166666666666665,0.0038722630408534187
2020-01-01,-3.4088729041559804e-5,-0.0014797330336307813,-8.333333333333283e-6,0.0027368694851341857
2020-02-01,-0.21051734574643913,0.0034359593950263,-0.000325,-0.0021788229435228956
2020-03-01,0.041967753957012056,0.006950716560611833,0.00034166666666666666,-0.006709399634609703
2020-04-01,0.05699826606376207,9.708364961265617e-5,0.0004166666666666667,1.950142652962228e-5
2020-05-01,0.06284969776707261,-0.005348866695220384,0.0004333333333333334,0.0054571296728553875
2020-06-01,0.03398375616981632,-0.004912266784482696,0.0004166666666666667,0.005045493564790782
2020-07-01,0.05706987884793525,-0.0030399866040033917,0.00035000000000000005,0.003148249581638396
2020-08-01,-0.006368611461103575,-0.001308486276403607,0.0005166666666666666,0.0013917779708272349
2020-09-01,0.01699424214277532,-0.00032323540952907233,0.00048333333333333334,0.0004148516964708193
2020-10-01,0.03864130049457037,0.0006941054209959734,0.00065,-0.0006108137265723457
2020-11-01,0.04158710863325152,-0.0008660692839277969,0.000625,0.000941035554164138
2020-12-01,0.027456674087032312,-0.0041697954551787614,0.0007000000000000001,0.004244761725415103
2021-01-01,0.024510052755492753,-0.0053928128096847865,0.0008583333333333333,0.005459452823898481
2021-02-01,0.008133623317818901,-0.007024977922830744,0.0011666666666666665,0.007058304591274656
2021-03-01,0.05838352551153817,-0.008160321599870768,0.0014249999999999998,0.0081853178506206
2021-04-01,0.00755105285925228,-0.007968473904542521,0.0013583333333333336,0.00798513890476471
2021-05-01,0.01790820811627813,-0.009231105156904555,0.0013000000000000002,0.009247770157126745
2021-06-01,0.030164305788209316,-0.004765663263179953,0.0011749999999999998,0.004798989931623865
2021-07-01,0.02156096146183202,-0.0020221240498094397,0.0009916666666666667,0.0020637803032803603
2021-08-01,-0.0008761769429312248,-0.0026706330212779485,0.0010416666666666669,0.002712289274748869
2021-09-01,0.0044815599632273394,-0.00824046943887835,0.0012333333333333332,0.008273796107322262
2021-10-01,0.04627392235066104,-0.004859739760431905,0.00125,0.004901396013902826
2021-11-01,0.002613937877507481,-0.0030261503734913455,0.00115,0.003067806626962266
2021-12-01,-0.020748963740327895,-0.008329383604719453,0.0012166666666666667,0.008379368610716753
2022-01-01,-0.029534606914063174,-0.008967610411474805,0.0013666666666666666,0.009092516755119462
2022-02-01,-0.009218973483894067,-0.012988488110689492,0.00125,0.013263035356475328
2022-03-01,0.0008286637228277539,-0.00520114409170522,0.0015666666666666665,0.005567006450146295
2022-04-01,-0.08250494507424286,-0.010332269027314708,0.001775,0.010963207818674547
2022-05-01,-0.03502675676940074,-0.0128299000198887,0.0015583333333333334,0.013642590973445223
2022-06-01,0.00339991967843611,0.0013506332376714968,0.0012416666666666667,-0.00011812611495187753
2022-07-01,0.06055569587532359,0.0021923779890179037,0.0003666666666666666,-0.0003544620906152929
2022-08-01,-0.07762498192043632,1.4866918725040153e-5,0.0004333333333333333,0.0021484748870692627
2022-09-01,-0.0339434885261321,-0.001479943848171379,0.0005833333333333333,0.004048289043161901
2022-10-01,0.048348889470810064,0.0040542680858473585,0.00031666666666666605,-0.0010105368623163358
2022-11-01,-0.0033307843064104507,0.00646331233985648,-0.0003916666666666669,-0.003074813863282344
2022-12-01,0.01012706872278668,-0.0044950973772023926,-0.00030833333333333364,0.007963570268104014
2023-01-01,0.027176932044264846,-0.001866622656611902,-0.0008500000000000001,0.005566588264668937
2023-02-01,-0.03001281372054886,0.00048234368601790057,-0.000608333333333334,0.003305261555975214
2023-03-01,0.03523580529880355,-0.001226833382156952,-0.0010083333333333342,0.00504628474408797
2023-04-01,0.0032534054539514285,0.0014870616837631655,-0.0012333333333333337,0.0025152690671186306
2023-05-01,0.04390808842171223,0.0009531716296932585,-0.001249999999999999,0.0032237124872409595
2023-06-01,0.0336951111374561,0.0022870364667525265,-0.0011249999999999997,0.0019056980227132314
2023-07-01,-0.01437348576346683,-9.362283836211651e-5,-0.0010666666666666663,0.004357646719562069
2023-08-01,-0.013970353851351586,0.0018215540432517064,-0.0010083333333333337,0.0024820487194014973
2023-09-01,-0.03521662970350601,0.004702882085037837,-0.0006083333333333336,-0.00038345303170306266
2023-10-01,0.04050005914712189,0.006352425012856418,-0.0003833333333333336,-0.0020171726739270923
2023-11-01,0.04602162702920545,0.005273671687066621,-0.0007499999999999994,-0.0009938139974714488
2023-12-01,0.024315297918389378,-0.001176613966680935,-0.0011333333333333338,0.005432719815347653
2024-01-01,0.03675130380147219,-0.0019303269121572738,-0.0010249999999999994,0.006170594438371424
2024-02-01,0.027904747329059676,-0.002187260944178244,-0.0008250000000000002,0.006443366792844962
2024-03-01,-0.014480287431257068,0.00037037206575547994,-0.0008666666666666671,0.003885733782911238
2024-04-01,0.020477906204063645,0.0025958572586041884,-0.00045833333333333316,0.0016602485900625297
2024-05-01,0.03049372241485574,0.00392657537072938,-0.000616666666666666,0.00033744851047057267
2024-06-01,0.019136723540412293,0.004087424285638979,-0.0007333333333333337,0.0001686815630277394
2024-07-01,-0.019832912272599326,0.0041400960802971095,-0.0009250000000000009,8.433011266273382e-5
