Date;msci_net;msci_gross;msci_price;mwi40;mwig40_dy;mwig40tr
Dec 31, 1998; 67,50 ; 963,14 ; 892,05 ; 787,40 ;;
Jan 29, 1999; 82,81 ; 1 181,54 ; 1 094,34 ; 850,80 ;;
Feb 26, 1999; 71,22 ; 1 016,27 ; 940,62 ; 804,50 ;;
Mar 31, 1999; 78,71 ; 1 123,19 ; 1 039,59 ; 840,20 ;;
Apr 30, 1999; 87,60 ; 1 250,02 ; 1 156,97 ; 875,10 ;;
May 31, 1999; 88,65 ; 1 265,14 ; 1 170,67 ; 912,80 ;;
Jun 30, 1999; 98,70 ; 1 409,68 ; 1 299,33 ; 995,60 ;;
Jul 30, 1999; 99,45 ; 1 421,13 ; 1 306,36 ; 1 030,90 ;;
Aug 31, 1999; 100,36 ; 1 434,16 ; 1 318,34 ; 1 020,20 ;;
Sep 30, 1999; 81,14 ; 1 159,53 ; 1 065,77 ; 854,90 ;;
Oct 29, 1999; 86,25 ; 1 232,56 ; 1 132,89 ; 912,10 ;;
Nov 30, 1999; 90,36 ; 1 291,21 ; 1 186,81 ; 966,70 ;;
Dec 31, 1999; 104,56 ; 1 494,12 ; 1 373,30 ; 1 114,80 ;;
Jan 31, 2000; 110,37 ; 1 577,23 ; 1 449,69 ; 1 156,70 ;;
Feb 29, 2000; 125,66 ; 1 795,69 ; 1 650,49 ; 1 072,20 ;;
Mar 31, 2000; 124,09 ; 1 773,24 ; 1 629,85 ; 1 185,10 ;;
Apr 28, 2000; 113,52 ; 1 622,22 ; 1 491,05 ; 1 120,70 ;;
May 31, 2000; 111,40 ; 1 592,08 ; 1 462,81 ; 1 089,20 ;;
Jun 30, 2000; 111,58 ; 1 595,46 ; 1 461,87 ; 1 107,10 ;;
Jul 31, 2000; 106,22 ; 1 519,46 ; 1 389,31 ; 1 100,70 ;;
Aug 31, 2000; 101,93 ; 1 458,20 ; 1 333,17 ; 1 058,40 ;;
Sep 29, 2000; 93,00 ; 1 330,45 ; 1 216,37 ; 960,10 ;;
Oct 31, 2000; 84,95 ; 1 215,21 ; 1 111,01 ; 931,60 ;;
Nov 30, 2000; 89,97 ; 1 286,99 ; 1 176,64 ; 962,29 ;;
Dec 29, 2000; 100,00 ; 1 430,53 ; 1 307,87 ; 1 004,68 ;;
Jan 31, 2001; 97,78 ; 1 398,74 ; 1 278,81 ; 1 017,97 ;;
Feb 28, 2001; 85,30 ; 1 220,30 ; 1 115,66 ; 950,02 ;;
Mar 30, 2001; 80,14 ; 1 148,37 ; 1 041,13 ; 944,89 ;;
Apr 30, 2001; 81,53 ; 1 168,20 ; 1 059,11 ; 985,86 ;;
May 31, 2001; 83,52 ; 1 197,26 ; 1 082,60 ; 986,68 ;;
Jun 29, 2001; 72,67 ; 1 041,75 ; 941,97 ; 944,90 ;;
Jul 31, 2001; 68,27 ; 979,59 ; 880,13 ; 884,80 ;;
Aug 31, 2001; 64,70 ; 928,30 ; 834,05 ; 891,95 ;;
Sep 28, 2001; 58,28 ; 836,29 ; 751,39 ; 889,84 ;;
Oct 31, 2001; 70,70 ; 1 014,49 ; 911,49 ; 956,23 ;;
Nov 30, 2001; 71,56 ; 1 026,76 ; 922,51 ; 979,25 ;;
Dec 31, 2001; 69,18 ; 992,69 ; 891,90 ; 1 020,49 ;;
Jan 31, 2002; 82,38 ; 1 181,98 ; 1 061,98 ; 1 097,73 ;;
Feb 28, 2002; 77,41 ; 1 110,78 ; 998,01 ; 1 064,18 ;;
Mar 29, 2002; 74,55 ; 1 070,00 ; 959,81 ; 1 031,53 ;;
Apr 30, 2002; 75,04 ; 1 078,30 ; 959,51 ; 1 016,54 ;;
May 31, 2002; 77,57 ; 1 114,64 ; 991,85 ; 1 066,16 ;;
Jun 28, 2002; 67,48 ; 970,07 ; 860,99 ; 981,20 ;;
Jul 31, 2002; 60,71 ; 873,45 ; 771,07 ; 881,07 ;;
Aug 30, 2002; 64,89 ; 933,51 ; 824,08 ; 901,77 ;;
Sep 30, 2002; 60,36 ; 868,37 ; 766,58 ; 864,08 ;;
Oct 31, 2002; 69,44 ; 999,04 ; 881,93 ; 908,02 ;;
Nov 29, 2002; 71,05 ; 1 022,11 ; 902,30 ; 942,37 ;;
Dec 31, 2002; 67,79 ; 975,27 ; 860,95 ; 950,24 ;;
Jan 31, 2003; 64,33 ; 925,55 ; 817,06 ; 904,21 ;;
Feb 28, 2003; 63,40 ; 912,13 ; 805,21 ; 901,25 ;;
Mar 31, 2003; 62,79 ; 903,33 ; 797,45 ; 897,01 ;;
Apr 30, 2003; 65,20 ; 939,84 ; 818,78 ; 926,46 ;;
May 30, 2003; 69,40 ; 1 000,68 ; 870,12 ; 976,87 ;;
Jun 30, 2003; 72,96 ; 1 052,14 ; 914,01 ; 991,02 ;;
Jul 31, 2003; 80,92 ; 1 167,32 ; 1 012,16 ; 1 105,64 ;;
Aug 29, 2003; 94,37 ; 1 361,29 ; 1 180,35 ; 1 303,60 ;;
Sep 30, 2003; 83,93 ; 1 210,68 ; 1 049,76 ; 1 191,49 ;;
Oct 31, 2003; 89,56 ; 1 291,87 ; 1 120,16 ; 1 258,12 ;;
Nov 28, 2003; 82,75 ; 1 193,66 ; 1 035,01 ; 1 198,23 ;;
Dec 31, 2003; 89,41 ; 1 289,73 ; 1 118,30 ; 1 269,34 ;;
Jan 30, 2004; 93,39 ; 1 347,18 ; 1 168,12 ; 1 421,67 ;;
Feb 27, 2004; 99,01 ; 1 428,26 ; 1 238,43 ; 1 564,63 ;;
Mar 31, 2004; 100,06 ; 1 443,43 ; 1 251,58 ; 1 697,04 ;;
Apr 30, 2004; 100,45 ; 1 450,74 ; 1 248,23 ; 1 810,51 ;;
May 31, 2004; 96,05 ; 1 387,67 ; 1 190,73 ; 1 732,93 ;;
Jun 30, 2004; 98,41 ; 1 422,14 ; 1 218,29 ; 1 688,18 ;;
Jul 30, 2004; 95,49 ; 1 381,14 ; 1 176,10 ; 1 691,11 ;;
Aug 31, 2004; 97,93 ; 1 416,51 ; 1 205,97 ; 1 736,09 ;;
Sep 30, 2004; 102,70 ; 1 485,54 ; 1 264,74 ; 1 770,74 ;;
Oct 29, 2004; 105,80 ; 1 530,29 ; 1 302,84 ; 1 705,90 ;;
Nov 30, 2004; 106,71 ; 1 543,56 ; 1 314,13 ; 1 693,36 ;;
Dec 31, 2004; 115,26 ; 1 667,13 ; 1 419,34 ; 1 730,10 ;;
Jan 31, 2005; 112,10 ; 1 621,43 ; 1 380,43 ; 1 710,28 ;;
Feb 28, 2005; 126,24 ; 1 826,07 ; 1 554,66 ; 1 759,58 ;;
Mar 31, 2005; 120,77 ; 1 747,16 ; 1 486,38 ; 1 728,17 ;;
Apr 29, 2005; 112,53 ; 1 628,15 ; 1 384,01 ; 1 649,00 ;;
May 31, 2005; 117,48 ; 1 703,28 ; 1 432,52 ; 1 687,20 ;;
Jun 30, 2005; 125,67 ; 1 822,85 ; 1 529,06 ; 1 768,96 ;;
Jul 29, 2005; 135,05 ; 1 962,80 ; 1 629,46 ; 1 819,22 ;;
Aug 31, 2005; 139,46 ; 2 029,66 ; 1 673,06 ; 1 862,80 ;;
Sep 30, 2005; 155,46 ; 2 262,55 ; 1 865,04 ; 1 903,36 ;;
Oct 31, 2005; 142,25 ; 2 070,28 ; 1 706,55 ; 1 969,13 ;;
Nov 30, 2005; 150,18 ; 2 185,61 ; 1 801,61 ; 2 039,11 ;;
Dec 30, 2005; 155,66 ; 2 265,44 ; 1 867,42 ; 2 207,74 ;;
Jan 31, 2006; 161,75 ; 2 354,09 ; 1 940,50 ; 2 678,60 ;;
Feb 28, 2006; 163,05 ; 2 372,99 ; 1 956,07 ; 2 695,28 ;;
Mar 31, 2006; 165,15 ; 2 403,82 ; 1 980,23 ; 2 780,59 ;;
Apr 28, 2006; 180,89 ; 2 633,54 ; 2 166,69 ; 2 933,91 ;;
May 31, 2006; 158,99 ; 2 320,50 ; 1 884,45 ; 2 642,87 ;;
Jun 30, 2006; 165,31 ; 2 414,36 ; 1 953,46 ; 2 661,38 ;;
Jul 31, 2006; 186,31 ; 2 729,30 ; 2 173,41 ; 2 961,05 ;;
Aug 31, 2006; 171,57 ; 2 513,48 ; 2 000,94 ; 2 917,76 ;;
Sep 29, 2006; 169,70 ; 2 486,03 ; 1 979,09 ; 3 213,56 ;;
Oct 31, 2006; 179,32 ; 2 626,97 ; 2 091,29 ; 3 540,66 ;;
Nov 30, 2006; 187,90 ; 2 752,77 ; 2 191,44 ; 3 878,72 ;;
Dec 29, 2006; 193,20 ; 2 830,41 ; 2 253,25 ; 3 733,26 ;;
Jan 31, 2007; 207,92 ; 3 045,97 ; 2 424,85 ; 4 231,14 ;;
Feb 28, 2007; 192,25 ; 2 816,48 ; 2 242,16 ; 4 204,36 ;;
Mar 30, 2007; 210,21 ; 3 079,49 ; 2 451,53 ; 4 728,59 ;;
Apr 30, 2007; 213,99 ; 3 135,79 ; 2 492,68 ; 4 978,79 ;;
May 31, 2007; 219,82 ; 3 230,40 ; 2 529,90 ; 5 614,59 ;;
Jun 29, 2007; 228,37 ; 3 366,12 ; 2 594,67 ; 5 684,46 ;;
Jul 31, 2007; 228,05 ; 3 364,60 ; 2 580,11 ; 5 065,77 ;;
Aug 31, 2007; 219,11 ; 3 232,72 ; 2 478,99 ; 4 772,50 ; 0,67 ;
Sep 28, 2007; 219,25 ; 3 234,87 ; 2 480,63 ; 4 568,14 ; 0,78 ;
Oct 31, 2007; 233,18 ; 3 440,26 ; 2 638,13 ; 4 659,10 ; 0,78 ;
Nov 30, 2007; 211,26 ; 3 116,91 ; 2 390,17 ; 4 094,34 ; 0,93 ;
Dec 31, 2007; 206,97 ; 3 053,59 ; 2 341,62 ; 4 028,37 ; 0,95 ;
Jan 31, 2008; 176,45 ; 2 603,28 ; 1 996,30 ; 3 371,79 ; 1,10 ;
Feb 29, 2008; 173,82 ; 2 564,51 ; 1 966,57 ; 3 330,06 ; 1,18 ;
Mar 31, 2008; 179,49 ; 2 648,19 ; 2 030,74 ; 3 363,11 ; 1,88 ;
Apr 30, 2008; 176,58 ; 2 605,47 ; 1 996,96 ; 3 216,87 ; 2,02 ;
May 30, 2008; 177,73 ; 2 630,68 ; 1 983,13 ; 3 131,05 ; 2,20 ;
Jun 30, 2008; 157,57 ; 2 332,40 ; 1 757,90 ; 2 649,88 ; 0,97 ;
Jul 31, 2008; 171,62 ; 2 548,28 ; 1 889,48 ; 2 501,95 ; 1,57 ;
Aug 29, 2008; 163,35 ; 2 427,51 ; 1 791,70 ; 2 397,19 ; 1,59 ;
Sep 30, 2008; 150,60 ; 2 238,03 ; 1 651,85 ; 2 252,23 ; 1,61 ;
Oct 31, 2008; 114,63 ; 1 703,60 ; 1 257,39 ; 1 623,72 ; 2,46 ;
Nov 28, 2008; 108,65 ; 1 614,61 ; 1 191,71 ; 1 561,37 ; 2,51 ;
Dec 31, 2008; 112,65 ; 1 674,12 ; 1 235,64 ; 1 511,27 ; 2,53 ;
Jan 30, 2009; 99,28 ; 1 475,47 ; 1 089,01 ; 1 365,63 ; 3,18 ;
Feb 27, 2009; 83,63 ; 1 242,83 ; 917,31 ; 1 243,60 ; 3,66 ;
Mar 31, 2009; 91,77 ; 1 363,85 ; 1 006,63 ; 1 381,68 ; 1,47 ;
Apr 30, 2009; 109,76 ; 1 631,23 ; 1 203,98 ; 1 684,97 ; 1,01 ;
May 29, 2009; 108,77 ; 1 616,70 ; 1 192,23 ; 1 742,43 ; 0,99 ;
Jun 30, 2009; 113,36 ; 1 689,24 ; 1 228,95 ; 1 769,47 ; 0,42 ;
Jul 31, 2009; 133,40 ; 1 994,32 ; 1 426,38 ; 2 042,28 ; 0,67 ;
Aug 31, 2009; 138,39 ; 2 069,38 ; 1 478,50 ; 2 337,41 ; 0,60 ;
Sep 30, 2009; 138,15 ; 2 067,73 ; 1 469,87 ; 2 258,99 ; 0,66 ;
Oct 30, 2009; 146,53 ; 2 193,19 ; 1 559,06 ; 2 236,94 ; 0,76 ;
Nov 30, 2009; 152,68 ; 2 285,16 ; 1 624,44 ; 2 284,65 ; 0,76 ;
Dec 31, 2009; 153,95 ; 2 304,16 ; 1 637,94 ; 2 346,14 ; 0,75 ; 2 346,14 
Jan 29, 2010; 154,24 ; 2 308,51 ; 1 641,03 ; 2 314,08 ; 0,67 ; 2 321,24 
Feb 26, 2010; 145,84 ; 2 182,81 ; 1 551,68 ; 2 304,80 ; 0,82 ; 2 311,92 
Mar 31, 2010; 159,99 ; 2 394,64 ; 1 702,26 ; 2 496,22 ; 0,74 ; 2 503,94 
Apr 30, 2010; 164,19 ; 2 457,45 ; 1 746,91 ; 2 548,37 ; 0,77 ; 2 556,24 
May 31, 2010; 157,82 ; 2 363,85 ; 1 673,77 ; 2 471,93 ; 0,47 ; 2 479,57 
Jun 30, 2010; 148,09 ; 2 222,91 ; 1 556,49 ; 2 373,84 ; 0,55 ; 2 388,86 
Jul 30, 2010; 161,20 ; 2 420,52 ; 1 691,78 ; 2 496,33 ; 0,86 ; 2 526,26 
Aug 31, 2010; 159,33 ; 2 393,62 ; 1 668,26 ; 2 510,00 ; 0,87 ; 2 540,88 
Sep 30, 2010; 172,96 ; 2 599,09 ; 1 809,20 ; 2 653,45 ; 0,92 ; 2 714,96 
Oct 29, 2010; 177,37 ; 2 669,06 ; 1 844,38 ; 2 768,36 ; 0,89 ; 2 835,26 
Nov 30, 2010; 174,03 ; 2 618,67 ; 1 809,57 ; 2 693,65 ; 0,93 ; 2 759,20 
Dec 31, 2010; 183,16 ; 2 756,20 ; 1 904,60 ; 2 805,26 ; 0,94 ; 2 873,53 
Jan 31, 2011; 180,40 ; 2 714,65 ; 1 875,89 ; 2 825,92 ; 0,97 ; 2 894,69 
Feb 28, 2011; 181,63 ; 2 733,14 ; 1 888,67 ; 2 871,57 ; 0,98 ; 2 941,46 
Mar 31, 2011; 188,21 ; 2 832,16 ; 1 957,09 ; 2 912,50 ; 1,15 ; 2 983,39 
Apr 29, 2011; 194,15 ; 2 921,52 ; 2 018,78 ; 2 940,02 ; 1,00 ; 3 012,49 
May 31, 2011; 194,78 ; 2 933,85 ; 2 017,00 ; 2 959,86 ; 1,00 ; 3 035,85 
Jun 30, 2011; 189,05 ; 2 851,81 ; 1 945,15 ; 2 850,55 ; 1,06 ; 2 939,26 
Jul 29, 2011; 186,09 ; 2 813,70 ; 1 895,76 ; 2 736,66 ; 1,22 ; 2 833,59 
Aug 31, 2011; 167,99 ; 2 543,87 ; 1 700,41 ; 2 422,89 ; 1,44 ; 2 514,68 
Sep 30, 2011; 151,77 ; 2 303,59 ; 1 521,12 ; 2 169,48 ; 1,68 ; 2 260,01 
Oct 31, 2011; 163,68 ; 2 484,22 ; 1 640,40 ; 2 316,98 ; 1,55 ; 2 413,66 
Nov 30, 2011; 157,91 ; 2 396,64 ; 1 582,57 ; 2 171,74 ; 1,69 ; 2 262,62 
Dec 30, 2011; 148,77 ; 2 257,95 ; 1 490,99 ; 2 173,89 ; 1,54 ; 2 264,86 
Jan 31, 2012; 160,96 ; 2 443,02 ; 1 613,19 ; 2 354,00 ; 1,49 ; 2 454,09 
Feb 29, 2012; 160,04 ; 2 428,98 ; 1 603,93 ; 2 472,08 ; 1,42 ; 2 577,59 
Mar 30, 2012; 158,79 ; 2 410,02 ; 1 591,41 ; 2 503,64 ; 1,47 ; 2 610,50 
Apr 30, 2012; 155,76 ; 2 364,99 ; 1 558,56 ; 2 417,04 ; 1,49 ; 2 520,20 
May 31, 2012; 146,01 ; 2 217,40 ; 1 459,88 ; 2 245,21 ; 4,19 ; 2 398,81 
Jun 29, 2012; 160,49 ; 2 445,66 ; 1 581,17 ; 2 300,09 ; 3,90 ; 2 458,25 
Jul 31, 2012; 157,65 ; 2 414,88 ; 1 518,99 ; 2 236,33 ; 4,69 ; 2 400,83 
Aug 31, 2012; 165,05 ; 2 536,11 ; 1 569,02 ; 2 223,47 ; 4,81 ; 2 391,73 
Sep 28, 2012; 172,94 ; 2 657,37 ; 1 644,04 ; 2 353,20 ; 4,30 ; 2 541,25 
Oct 31, 2012; 168,43 ; 2 587,98 ; 1 601,11 ; 2 407,77 ; 3,89 ; 2 598,84 
Nov 30, 2012; 175,79 ; 2 701,21 ; 1 671,16 ; 2 507,42 ; 3,90 ; 2 705,69 
Dec 31, 2012; 186,69 ; 2 868,68 ; 1 774,77 ; 2 552,54 ; 3,58 ; 2 758,36 
Jan 31, 2013; 181,03 ; 2 781,71 ; 1 720,96 ; 2 597,73 ; 3,78 ; 2 807,19 
Feb 28, 2013; 178,67 ; 2 745,35 ; 1 698,46 ; 2 608,20 ; 3,95 ; 2 818,51 
Mar 29, 2013; 173,59 ; 2 667,39 ; 1 650,24 ; 2 624,74 ; 3,85 ; 2 836,38 
Apr 30, 2013; 170,16 ; 2 616,56 ; 1 612,74 ; 2 550,91 ; 4,24 ; 2 768,84 
May 31, 2013; 183,66 ; 2 825,56 ; 1 736,80 ; 2 812,75 ; 3,92 ; 3 056,34 
Jun 28, 2013; 169,53 ; 2 612,01 ; 1 592,96 ; 2 776,93 ; 1,23 ; 3 018,30 
Jul 31, 2013; 177,36 ; 2 739,58 ; 1 648,94 ; 2 924,02 ; 0,96 ; 3 190,52 
Aug 30, 2013; 183,37 ; 2 836,96 ; 1 692,97 ; 3 087,13 ; 0,90 ; 3 368,49 
Sep 30, 2013; 186,12 ; 2 885,80 ; 1 702,40 ; 3 275,69 ; 0,86 ; 3 580,32 
Oct 31, 2013; 196,64 ; 3 048,93 ; 1 798,64 ; 3 488,69 ; 0,78 ; 3 813,13 
Nov 29, 2013; 200,15 ; 3 106,52 ; 1 822,63 ; 3 509,38 ; 0,75 ; 3 835,74 
Dec 31, 2013; 186,73 ; 2 898,25 ; 1 700,43 ; 3 345,28 ; 0,84 ; 3 656,85 
Jan 31, 2014; 183,81 ; 2 852,93 ; 1 673,84 ; 3 381,61 ; 0,79 ; 3 696,56 
Feb 28, 2014; 197,27 ; 3 061,89 ; 1 796,44 ; 3 579,72 ; 0,76 ; 3 913,12 
Mar 31, 2014; 193,41 ; 3 001,93 ; 1 761,26 ; 3 481,44 ; 1,10 ; 3 805,69 
Apr 30, 2014; 192,90 ; 2 996,06 ; 1 751,61 ; 3 455,24 ; 0,98 ; 3 777,51 
May 30, 2014; 193,30 ; 3 002,77 ; 1 753,74 ; 3 485,53 ; 1,43 ; 3 863,06 
Jun 30, 2014; 192,26 ; 2 992,28 ; 1 730,31 ; 3 446,01 ; 1,66 ; 3 824,65 
Jul 31, 2014; 186,07 ; 2 898,90 ; 1 667,61 ; 3 297,30 ; 2,43 ; 3 695,08 
Aug 29, 2014; 194,00 ; 3 023,72 ; 1 735,44 ; 3 399,40 ; 2,45 ; 3 812,53 
Sep 30, 2014; 203,94 ; 3 188,07 ; 1 801,15 ; 3 639,74 ; 2,26 ; 4 084,21 
Oct 31, 2014; 199,81 ; 3 123,59 ; 1 764,72 ; 3 551,28 ; 2,39 ; 3 984,95 
Nov 28, 2014; 195,68 ; 3 058,94 ; 1 728,19 ; 3 562,59 ; 2,39 ; 3 997,64 
Dec 31, 2014; 188,57 ; 2 947,82 ; 1 665,42 ; 3 483,45 ; 1,87 ; 3 909,27 
Jan 30, 2015; 189,65 ; 2 964,71 ; 1 674,95 ; 3 537,17 ; 1,81 ; 3 969,56 
Feb 27, 2015; 192,39 ; 3 007,63 ; 1 699,20 ; 3 656,95 ; 1,75 ; 4 103,99 
Mar 31, 2015; 195,24 ; 3 052,11 ; 1 724,33 ; 3 732,01 ; 1,52 ; 4 188,22 
Apr 30, 2015; 205,27 ; 3 208,92 ; 1 812,93 ; 3 863,71 ; 1,45 ; 4 347,63 
May 29, 2015; 199,11 ; 3 114,97 ; 1 752,79 ; 3 848,57 ; 1,34 ; 4 338,29 
Jun 30, 2015; 191,86 ; 3 007,15 ; 1 675,49 ; 3 685,49 ; 1,55 ; 4 176,50 
Jul 31, 2015; 185,43 ; 2 908,90 ; 1 613,28 ; 3 815,00 ; 1,79 ; 4 362,77 
Aug 31, 2015; 179,95 ; 2 823,01 ; 1 565,65 ; 3 677,34 ; 1,87 ; 4 205,34 
Sep 30, 2015; 173,01 ; 2 720,62 ; 1 489,95 ; 3 576,75 ; 2,25 ; 4 099,67 
Oct 30, 2015; 173,30 ; 2 725,12 ; 1 492,41 ; 3 681,26 ; 2,26 ; 4 219,46 
Nov 30, 2015; 162,18 ; 2 550,29 ; 1 396,66 ; 3 654,29 ; 2,42 ; 4 188,54 
Dec 31, 2015; 156,49 ; 2 460,83 ; 1 347,67 ; 3 567,05 ; 2,62 ; 4 089,11 
Jan 29, 2016; 150,34 ; 2 364,12 ; 1 294,71 ; 3 373,43 ; 2,79 ; 3 867,15 
Feb 29, 2016; 153,65 ; 2 416,13 ; 1 323,19 ; 3 469,65 ; 3,44 ; 3 992,99 
Mar 31, 2016; 167,97 ; 2 641,36 ; 1 446,54 ; 3 612,30 ; 3,04 ; 4 157,15 
Apr 29, 2016; 158,97 ; 2 501,05 ; 1 366,24 ; 3 614,33 ; 2,98 ; 4 173,44 
May 31, 2016; 150,84 ; 2 373,32 ; 1 295,83 ; 3 484,18 ; 2,92 ; 4 032,31 
Jun 30, 2016; 147,50 ; 2 324,27 ; 1 259,15 ; 3 393,01 ; 2,97 ; 3 950,12 
Jul 29, 2016; 149,22 ; 2 355,13 ; 1 265,06 ; 3 596,87 ; 5,28 ; 4 276,25 
Aug 31, 2016; 152,58 ; 2 408,27 ; 1 293,17 ; 3 942,63 ; 5,36 ; 4 687,33 
Sep 30, 2016; 146,87 ; 2 321,86 ; 1 236,37 ; 4 030,06 ; 4,98 ; 4 791,27 
Oct 31, 2016; 156,14 ; 2 468,38 ; 1 314,40 ; 4 116,21 ; 4,40 ; 4 893,70 
Nov 30, 2016; 153,86 ; 2 432,41 ; 1 295,24 ; 4 103,49 ; 4,26 ; 4 879,27 
Dec 30, 2016; 165,63 ; 2 619,17 ; 1 392,60 ; 4 215,54 ; 4,37 ; 5 041,95 
Jan 31, 2017; 175,35 ; 2 772,98 ; 1 474,37 ; 4 643,20 ; 2,37 ; 5 553,45 
Feb 28, 2017; 187,10 ; 2 958,69 ; 1 573,12 ; 4 840,21 ; 2,34 ; 5 789,08 
Mar 31, 2017; 185,10 ; 2 927,09 ; 1 556,32 ; 4 743,66 ; 2,38 ; 5 673,61 
Apr 28, 2017; 202,12 ; 3 196,31 ; 1 699,46 ; 4 858,05 ; 2,30 ; 5 814,41 
May 31, 2017; 194,18 ; 3 071,94 ; 1 629,66 ; 4 798,74 ; 2,80 ; 5 788,67 
Jun 30, 2017; 196,85 ; 3 118,13 ; 1 643,10 ; 4 907,43 ; 2,45 ; 5 947,37 
Jul 31, 2017; 204,26 ; 3 239,51 ; 1 696,26 ; 4 930,77 ; 3,05 ; 6 008,42 
Aug 31, 2017; 215,73 ; 3 421,54 ; 1 791,30 ; 4 907,78 ; 3,16 ; 6 005,39 
Sep 29, 2017; 211,47 ; 3 356,77 ; 1 749,64 ; 4 988,02 ; 2,50 ; 6 103,58 
Oct 31, 2017; 218,10 ; 3 461,91 ; 1 804,44 ; 4 875,44 ; 2,65 ; 5 965,82 
Nov 30, 2017; 208,87 ; 3 315,42 ; 1 728,08 ; 4 750,25 ; 2,76 ; 5 812,63 
Dec 29, 2017; 213,32 ; 3 386,07 ; 1 764,91 ; 4 847,27 ; 2,45 ; 5 932,02 
Jan 31, 2018; 222,49 ; 3 531,67 ; 1 840,80 ; 5 023,24 ; 1,89 ; 6 147,84 
Feb 28, 2018; 206,13 ; 3 271,95 ; 1 705,43 ; 4 720,88 ; 1,85 ; 5 777,78 
Mar 30, 2018; 193,09 ; 3 064,91 ; 1 597,51 ; 4 554,89 ; 2,04 ; 5 574,64 
Apr 30, 2018; 200,12 ; 3 177,22 ; 1 654,00 ; 4 571,37 ; 2,17 ; 5 636,34 
May 31, 2018; 188,45 ; 2 992,42 ; 1 556,53 ; 4 500,78 ; 2,57 ; 5 588,49 
Jun 29, 2018; 186,50 ; 2 961,74 ; 1 539,64 ; 4 219,73 ; 2,41 ; 5 288,04 
Jul 31, 2018; 202,48 ; 3 221,92 ; 1 657,38 ; 4 343,98 ; 3,07 ; 5 484,71 
Aug 31, 2018; 205,32 ; 3 268,49 ; 1 677,51 ; 4 231,06 ; 3,22 ; 5 343,70 
Sep 28, 2018; 203,16 ; 3 238,67 ; 1 650,10 ; 4 168,97 ; 3,37 ; 5 265,28 
Oct 31, 2018; 190,05 ; 3 029,64 ; 1 543,60 ; 3 819,25 ; 3,56 ; 4 823,59 
Nov 30, 2018; 202,42 ; 3 227,12 ; 1 643,33 ; 3 944,38 ; 3,48 ; 4 981,62 
Dec 31, 2018; 200,95 ; 3 203,70 ; 1 631,40 ; 3 909,37 ; 3,48 ; 4 938,03 
Jan 31, 2019; 209,20 ; 3 335,22 ; 1 698,38 ; 4 076,71 ; 3,64 ; 5 149,40 
Feb 28, 2019; 205,13 ; 3 270,32 ; 1 665,33 ; 4 134,58 ; 3,54 ; 5 222,49 
Mar 29, 2019; 203,88 ; 3 250,38 ; 1 655,17 ; 4 149,50 ; 2,88 ; 5 241,34 
Apr 30, 2019; 206,30 ; 3 289,07 ; 1 674,87 ; 4 135,90 ; 2,95 ; 5 236,41 
May 31, 2019; 198,28 ; 3 163,36 ; 1 605,12 ; 3 951,18 ; 3,27 ; 5 039,19 
Jun 28, 2019; 205,30 ; 3 276,17 ; 1 660,07 ; 4 082,45 ; 2,66 ; 5 227,97 
Jul 31, 2019; 202,38 ; 3 239,10 ; 1 615,98 ; 3 952,74 ; 2,95 ; 5 098,34 
Aug 30, 2019; 190,28 ; 3 050,28 ; 1 508,94 ; 3 768,00 ; 2,73 ; 4 893,93 
Sep 30, 2019; 193,97 ; 3 110,25 ; 1 536,52 ; 3 701,37 ; 2,83 ; 4 807,39 
Oct 31, 2019; 195,63 ; 3 136,87 ; 1 549,67 ; 3 707,46 ; 3,12 ; 4 823,86 
Nov 29, 2019; 191,74 ; 3 074,47 ; 1 518,84 ; 3 786,21 ; 3,09 ; 4 926,33 
Dec 31, 2019; 190,68 ; 3 057,53 ; 1 510,48 ; 3 908,20 ; 3,03 ; 5 085,79 
Jan 31, 2020; 183,85 ; 2 948,03 ; 1 456,38 ; 4 008,79 ; 2,84 ; 5 216,69 
Feb 28, 2020; 157,53 ; 2 525,92 ; 1 247,85 ; 3 582,31 ; 3,28 ; 4 661,71 
Mar 31, 2020; 132,86 ; 2 130,40 ; 1 052,46 ; 2 850,06 ; 4,36 ; 3 708,82 
Apr 30, 2020; 144,64 ; 2 319,19 ; 1 145,72 ; 3 276,76 ; 3,91 ; 4 268,60 
May 29, 2020; 151,29 ; 2 425,86 ; 1 198,42 ; 3 359,44 ; 3,86 ; 4 378,79 
Jun 30, 2020; 152,87 ; 2 451,17 ; 1 210,92 ; 3 468,48 ; 3,53 ; 4 543,02 
Jul 31, 2020; 153,68 ; 2 465,45 ; 1 214,66 ; 3 563,59 ; 2,43 ; 4 674,66 
Aug 31, 2020; 157,23 ; 2 522,39 ; 1 242,71 ; 3 705,89 ; 1,42 ; 4 862,96 
Sep 30, 2020; 148,02 ; 2 375,02 ; 1 169,45 ; 3 562,00 ; 1,24 ; 4 717,67 
Oct 30, 2020; 127,41 ; 2 044,92 ; 1 005,03 ; 3 196,84 ; 1,32 ; 4 234,05 
Nov 30, 2020; 154,41 ; 2 478,30 ; 1 218,03 ; 3 728,72 ; 1,12 ; 4 938,50 
Dec 31, 2020; 166,22 ; 2 667,94 ; 1 311,24 ; 3 976,50 ; 1,03 ; 5 267,79 
Jan 29, 2021; 163,35 ; 2 621,77 ; 1 288,54 ; 4 101,69 ; 1,01 ; 5 440,36 
Feb 26, 2021; 159,34 ; 2 557,55 ; 1 256,98 ; 4 307,39 ; 0,97 ; 5 713,19 
Mar 31, 2021; 162,84 ; 2 613,69 ; 1 284,57 ; 4 360,66 ; 0,94 ; 5 783,84 
Apr 30, 2021; 171,01 ; 2 744,86 ; 1 349,04 ; 4 507,86 ; 1,11 ; 5 985,45 
May 31, 2021; 187,97 ; 3 017,80 ; 1 480,91 ; 4 904,85 ; 1,13 ; 6 573,28 
Jun 30, 2021; 186,43 ; 2 993,72 ; 1 467,75 ; 4 825,09 ; 1,86 ; 6 511,05 
Jul 30, 2021; 190,84 ; 3 069,24 ; 1 492,39 ; 4 943,09 ; 2,07 ; 6 691,65 
Aug 31, 2021; 200,37 ; 3 222,59 ; 1 566,95 ; 5 236,22 ; 2,10 ; 7 091,34 
Sep 30, 2021; 196,85 ; 3 173,48 ; 1 523,92 ; 5 255,82 ; 2,18 ; 7 121,47 
Oct 29, 2021; 205,95 ; 3 320,37 ; 1 593,95 ; 5 705,00 ; 2,36 ; 7 748,12 
Nov 30, 2021; 188,77 ; 3 043,31 ; 1 460,95 ; 5 328,93 ; 2,58 ; 7 239,86 
Dec 31, 2021; 195,02 ; 3 144,08 ; 1 509,32 ; 5 291,72 ; 2,54 ; 7 205,78 
Jan 31, 2022; 191,97 ; 3 095,00 ; 1 485,76 ; 5 106,59 ; 2,67 ; 6 953,68 
Feb 28, 2022; 172,86 ; 2 786,92 ; 1 337,87 ; 4 589,49 ; 3,07 ; 6 256,35 
Mar 31, 2022; 181,87 ; 2 932,14 ; 1 407,58 ; 4 778,07 ; 2,83 ; 6 513,43 
Apr 29, 2022; 156,76 ; 2 527,25 ; 1 213,21 ; 4 370,19 ; 2,99 ; 5 989,93 
May 31, 2022; 155,93 ; 2 515,10 ; 1 204,29 ; 4 349,02 ; 2,87 ; 6 026,02 
Jun 30, 2022; 143,00 ; 2 306,96 ; 1 103,61 ; 4 069,37 ; 3,11 ; 5 663,72 
Jul 29, 2022; 147,00 ; 2 377,50 ; 1 122,25 ; 4 151,32 ; 3,40 ; 5 850,84 
Aug 31, 2022; 129,20 ; 2 093,08 ; 979,44 ; 3 838,57 ; 3,32 ; 5 413,08 
Sep 30, 2022; 117,68 ; 1 909,90 ; 885,32 ; 3 552,54 ; 3,44 ; 5 013,57 
Oct 31, 2022; 131,89 ; 2 140,44 ; 992,18 ; 3 824,04 ; 3,59 ; 5 398,07 
Nov 30, 2022; 148,91 ; 2 416,66 ; 1 120,23 ; 4 108,81 ; 3,22 ; 5 803,55 
Dec 30, 2022; 154,41 ; 2 506,02 ; 1 161,65 ; 4 154,32 ; 3,12 ; 5 874,43 
Jan 31, 2023; 162,78 ; 2 641,87 ; 1 224,62 ; 4 412,00 ; 2,76 ; 6 238,80 
Feb 28, 2023; 159,11 ; 2 582,34 ; 1 197,03 ; 4 421,49 ; 2,67 ; 6 252,23 
Mar 31, 2023; 150,15 ; 2 436,89 ; 1 129,60 ; 4 504,04 ; 2,66 ; 6 368,97 
Apr 28, 2023; 164,14 ; 2 663,92 ; 1 234,84 ; 4 600,36 ; 2,45 ; 6 505,17 
May 31, 2023; 161,60 ; 2 622,66 ; 1 215,72 ; 4 549,84 ; 2,54 ; 6 490,63 
Jun 30, 2023; 176,30 ; 2 861,34 ; 1 325,97 ; 4 852,03 ; 2,61 ; 6 967,31 
Jul 31, 2023; 188,28 ; 3 059,93 ; 1 408,15 ; 5 350,36 ; 2,63 ; 7 755,66 
Aug 31, 2023; 175,82 ; 2 864,77 ; 1 300,52 ; 5 190,71 ; 2,83 ; 7 529,29 
Sep 29, 2023; 165,43 ; 2 698,73 ; 1 217,23 ; 4 936,38 ; 3,42 ; 7 169,18 
Oct 31, 2023; 185,81 ; 3 031,29 ; 1 367,22 ; 5 167,24 ; 3,01 ; 7 505,89 
Nov 30, 2023; 192,92 ; 3 147,17 ; 1 419,49 ; 5 538,33 ; 3,00 ; 8 048,14 
Dec 29, 2023; 205,70 ; 3 357,70 ; 1 509,81 ; 5 785,21 ; 2,91 ; 8 413,29 
Jan 31, 2024; 201,69 ; 3 294,98 ; 1 475,14 ; 5 847,28 ; 2,64 ; 8 506,45 
Feb 29, 2024; 214,57 ; 3 505,32 ; 1 569,31 ; 6 239,00 ; 3,45 ; 9 076,33 
Mar 29, 2024; 215,80 ; 3 525,54 ; 1 578,36 ; 6 326,51 ; 3,08 ; 9 203,62 
Apr 30, 2024; 221,27 ; 3 623,93 ; 1 601,00 ; 6 285,32 ; 3,27 ; 9 247,42 
May 31, 2024; 222,90 ; 3 655,49 ; 1 603,67 ; 6 551,62 ; 3,12 ; 9 676,06 
Jun 28, 2024; 230,87 ; 3 786,92 ; 1 659,75 ; 6 517,71 ; 3,04 ; 9 749,81 
Jul 31, 2024; 218,04 ; 3 576,41 ; 1 567,49 ; 6 269,27 ; 3,19 ; 9 405,65 
Aug 30, 2024; 217,69 ; 3 576,73 ; 1 553,70 ; 6 344,45 ; 3,36 ; 9 530,20 
Sep 30, 2024; 211,76 ; 3 491,48 ; 1 488,97 ; 6 201,66 ; 3,44 ; 9 349,07 
Oct 31, 2024; 202,24 ; 3 335,39 ; 1 420,52 ; 5 966,67 ; 3,54 ; 8 994,81 
Nov 29, 2024; 200,56 ; 3 307,66 ; 1 408,71 ; 6 065,12 ; 3,53 ; 9 149,55 
Dec 31, 2024; 201,70 ; 3 326,41 ; 1 416,69 ; 6 122,32 ; 3,41 ; 9 246,82 
Jan 31, 2025; 224,82 ; 3 707,76 ; 1 579,10 ; 6 609,99 ; 3,04 ; 9 987,08 
Feb 28, 2025; 239,68 ; 3 952,75 ; 1 683,44 ; 6 820,93 ; 3,02 ; 10 305,79 
Mar 31, 2025; 248,57 ; 4 099,39 ; 1 745,90 ; 7 184,44 ; 2,56 ; 10 855,02 
Apr 30, 2025; 253,72 ; 4 185,30 ; 1 780,39 ; 7 598,65 ; 2,51 ; 11 485,97 
;;;;;;
;;;;;;
;;;;;;
;;;;;;
;;;;;;
;;;;;;
;;;;;;
