Date;Yeld_10Y;Price_10Y;Stock_Price;Dividend;E;CAPE;T_Bill;CPI;Dividend_Yeld;Total_Stock_2;Total_Stock
01.12.1951;0,03;104,10;24,19;1,41;2,44;12,53;0,02;26,50;0,06;24,00;24,00
01.01.1952;0,02;104,77;23,75;1,42;2,43;12,36;0,02;26,30;0,06;23,68;23,68
01.02.1952;0,03;103,59;23,81;1,42;2,41;12,36;0,02;26,30;0,06;23,86;23,86
01.03.1952;0,03;104,82;23,74;1,43;2,40;12,24;0,02;26,40;0,06;23,91;23,91
01.04.1952;0,02;105,81;23,73;1,44;2,38;12,20;0,02;26,40;0,06;24,02;24,02
01.05.1952;0,02;106,37;24,38;1,45;2,36;12,45;0,02;26,50;0,06;24,80;24,80
01.06.1952;0,02;106,29;25,08;1,45;2,34;12,67;0,02;26,70;0,06;25,63;25,63
01.07.1952;0,02;106,03;25,18;1,45;2,35;12,68;0,02;26,70;0,06;25,86;25,85
01.08.1952;0,03;105,46;24,78;1,45;2,35;12,43;0,02;26,70;0,06;25,57;25,57
01.09.1952;0,03;104,47;24,26;1,44;2,36;12,13;0,02;26,70;0,06;25,16;25,16
01.10.1952;0,03;106,13;25,03;1,42;2,37;12,47;0,02;26,70;0,06;26,08;26,08
01.11.1952;0,03;106,52;26,04;1,41;2,39;12,93;0,02;26,70;0,05;27,26;27,25
01.12.1952;0,03;106,40;26,18;1,41;2,40;13,01;0,02;26,60;0,05;27,53;27,52
01.01.1953;0,03;105,77;25,86;1,41;2,41;12,86;0,02;26,50;0,05;27,31;27,30
01.02.1953;0,03;105,36;25,99;1,41;2,42;12,83;0,02;26,60;0,05;27,57;27,57
01.03.1953;0,03;105,37;24,71;1,41;2,43;12,16;0,02;26,60;0,06;26,34;26,34
01.04.1953;0,03;103,36;24,84;1,42;2,46;12,14;0,02;26,70;0,06;26,61;26,60
01.05.1953;0,03;100,98;23,95;1,42;2,48;11,62;0,02;26,80;0,06;25,78;25,78
01.06.1953;0,03;103,86;24,29;1,42;2,51;11,75;0,02;26,80;0,06;26,27;26,27
01.07.1953;0,03;104,25;24,39;1,42;2,52;11,72;0,02;26,90;0,06;26,51;26,51
01.08.1953;0,03;103,62;23,27;1,42;2,54;11,14;0,02;26,90;0,06;25,42;25,43
01.09.1953;0,03;107,81;23,97;1,43;2,55;11,39;0,02;27,00;0,06;26,31;26,32
01.10.1953;0,03;107,51;24,50;1,44;2,54;11,64;0,01;26,90;0,06;27,03;27,03
01.11.1953;0,03;107,36;24,83;1,45;2,52;11,75;0,01;26,90;0,06;27,53;27,52
01.12.1953;0,02;110,11;25,46;1,46;2,51;12,00;0,02;26,90;0,06;28,36;28,35
01.01.1954;0,02;110,23;26,02;1,46;2,52;12,22;0,01;26,90;0,06;29,12;29,11
01.02.1954;0,02;110,71;26,57;1,47;2,54;12,42;0,01;26,90;0,06;29,87;29,86
01.03.1954;0,02;111,36;27,63;1,46;2,55;12,91;0,01;26,80;0,05;31,20;31,18
01.04.1954;0,02;112,40;28,73;1,46;2,57;13,31;0,01;26,90;0,05;32,58;32,56
01.05.1954;0,03;110,93;28,96;1,45;2,60;13,36;0,01;26,90;0,05;32,98;32,95
01.06.1954;0,02;111,97;30,13;1,46;2,62;13,83;0,01;26,90;0,05;34,45;34,42
01.07.1954;0,02;112,57;30,73;1,46;2,62;14,04;0,01;26,90;0,05;35,27;35,24
01.08.1954;0,02;112,13;31,45;1,47;2,63;14,36;0,01;26,80;0,05;36,24;36,20
01.09.1954;0,02;112,35;32,18;1,49;2,63;14,62;0,01;26,80;0,05;37,22;37,18
01.10.1954;0,02;112,73;33,44;1,52;2,68;15,12;0,01;26,80;0,05;38,83;38,78
01.11.1954;0,02;112,42;34,97;1,54;2,72;15,79;0,01;26,70;0,04;40,75;40,69
01.12.1954;0,02;112,57;35,60;1,55;2,77;15,99;0,01;26,70;0,04;41,64;41,57
01.01.1955;0,03;111,43;36,79;1,55;2,83;16,44;0,01;26,70;0,04;43,18;43,11
01.02.1955;0,03;111,05;36,50;1,56;2,90;16,22;0,01;26,70;0,04;42,99;42,92
01.03.1955;0,03;111,43;37,76;1,56;2,96;16,69;0,01;26,70;0,04;44,63;44,55
01.04.1955;0,03;111,07;37,60;1,57;3,05;16,52;0,02;26,70;0,04;44,60;44,52
01.05.1955;0,03;111,63;39,78;1,57;3,13;17,37;0,01;26,70;0,04;47,34;47,25
01.06.1955;0,03;110,68;42,69;1,59;3,22;18,45;0,01;26,80;0,04;50,96;50,85
01.07.1955;0,03;109,72;42,43;1,60;3,29;18,22;0,02;26,80;0,04;50,81;50,70
01.08.1955;0,03;110,20;44,34;1,62;3,37;18,84;0,02;26,90;0,04;53,25;53,14
01.09.1955;0,03;111,15;42,11;1,63;3,44;17,77;0,02;26,90;0,04;50,74;50,64
01.10.1955;0,03;112,19;44,95;1,63;3,50;18,84;0,02;26,90;0,04;54,32;54,20
01.11.1955;0,03;111,58;45,37;1,64;3,56;18,94;0,02;26,80;0,04;55,00;54,87
01.12.1955;0,03;111,55;44,15;1,67;3,62;18,29;0,03;26,80;0,04;53,69;53,57
01.01.1956;0,03;112,90;44,43;1,70;3,64;18,27;0,02;26,80;0,04;54,20;54,08
01.02.1956;0,03;112,92;47,49;1,73;3,67;19,37;0,02;26,80;0,04;58,11;57,97
01.03.1956;0,03;110,90;48,05;1,75;3,69;19,37;0,02;26,90;0,04;58,97;58,83
01.04.1956;0,03;111,24;46,54;1,78;3,66;18,54;0,03;27,00;0,04;57,30;57,17
01.05.1956;0,03;113,13;46,27;1,80;3,63;18,16;0,03;27,20;0,04;57,15;57,02
01.06.1956;0,03;112,72;48,78;1,81;3,60;18,86;0,02;27,40;0,04;60,44;60,29
01.07.1956;0,03;110,84;48,49;1,83;3,55;18,67;0,02;27,30;0,04;60,27;60,12
01.08.1956;0,03;109,08;46,84;1,84;3,51;17,84;0,03;27,40;0,04;58,41;58,27
01.09.1956;0,03;110,06;46,24;1,81;3,46;17,42;0,03;27,50;0,04;57,85;57,72
01.10.1956;0,03;109,17;45,76;1,77;3,44;17,12;0,03;27,50;0,04;57,43;57,30
01.11.1956;0,04;109,24;46,44;1,74;3,43;17,20;0,03;27,60;0,04;58,47;58,33
01.12.1956;0,04;107,63;45,43;1,74;3,41;16,72;0,03;27,60;0,04;57,38;57,25
01.01.1957;0,03;112,45;43,47;1,73;3,41;15,84;0,03;27,70;0,04;55,09;54,97
01.02.1957;0,03;111,41;44,03;1,73;3,40;15,90;0,03;27,80;0,04;55,98;55,86
01.03.1957;0,03;111,61;45,05;1,73;3,40;16,12;0,03;27,90;0,04;57,46;57,33
01.04.1957;0,04;110,47;46,78;1,73;3,41;16,60;0,03;28,00;0,04;59,85;59,71
01.05.1957;0,04;109,45;47,55;1,73;3,41;16,73;0,03;28,10;0,04;61,02;60,88
01.06.1957;0,04;107,89;48,51;1,74;3,42;16,87;0,03;28,30;0,04;62,44;62,29
01.07.1957;0,04;108,27;45,84;1,75;3,44;15,87;0,03;28,30;0,04;59,19;59,06
01.08.1957;0,04;109,33;43,98;1,76;3,45;15,16;0,03;28,30;0,04;56,98;56,86
01.09.1957;0,04;107,84;41,24;1,77;3,47;14,15;0,04;28,30;0,04;53,62;53,52
01.10.1957;0,04;109,04;40,35;1,78;3,44;13,74;0,04;28,40;0,04;52,65;52,56
01.11.1957;0,03;114,61;40,33;1,79;3,40;13,67;0,03;28,40;0,04;52,82;52,73
01.12.1957;0,03;117,87;41,12;1,78;3,37;13,79;0,03;28,60;0,04;54,05;53,95
01.01.1958;0,03;117,10;41,26;1,78;3,29;13,78;0,02;28,60;0,04;54,43;54,33
01.02.1958;0,03;118,58;42,11;1,77;3,22;13,93;0,02;28,80;0,04;55,75;55,64
01.03.1958;0,03;120,27;42,34;1,76;3,14;13,91;0,01;28,90;0,04;56,24;56,13
01.04.1958;0,03;121,48;43,70;1,74;3,07;14,32;0,01;28,90;0,04;58,24;58,12
01.05.1958;0,03;120,85;44,75;1,73;3,00;14,64;0,01;28,90;0,04;59,83;59,71
01.06.1958;0,03;120,29;45,98;1,73;2,93;14,96;0,01;29,00;0,04;61,67;61,54
01.07.1958;0,03;118,69;47,70;1,73;2,91;15,54;0,01;28,90;0,04;64,17;64,02
01.08.1958;0,04;113,32;48,96;1,73;2,90;15,93;0,02;28,90;0,04;66,06;65,90
01.09.1958;0,04;113,72;50,95;1,74;2,88;16,56;0,02;28,90;0,03;68,94;68,77
01.10.1958;0,04;114,47;52,50;1,74;2,88;16,99;0,03;29,00;0,03;71,24;71,05
01.11.1958;0,04;115,42;53,49;1,75;2,89;17,36;0,03;28,90;0,03;72,78;72,59
01.12.1958;0,04;113,46;55,62;1,76;2,89;17,98;0,03;29,00;0,03;75,87;75,67
01.01.1959;0,04;112,90;54,77;1,76;2,96;17,76;0,03;28,90;0,03;74,91;74,71
01.02.1959;0,04;115,09;56,16;1,77;3,04;18,20;0,03;28,90;0,03;77,02;76,81
01.03.1959;0,04;113,77;57,10;1,78;3,11;18,43;0,03;29,00;0,03;78,51;78,29
01.04.1959;0,04;112,10;57,96;1,78;3,21;18,69;0,03;29,00;0,03;79,90;79,67
01.05.1959;0,04;112,64;57,46;1,79;3,30;18,45;0,03;29,10;0,03;79,41;79,19
01.06.1959;0,04;112,43;59,74;1,80;3,40;19,09;0,03;29,20;0,03;82,77;82,53
01.07.1959;0,04;111,24;59,40;1,80;3,41;18,96;0,03;29,20;0,03;82,51;82,27
01.08.1959;0,05;110,89;57,05;1,81;3,42;18,12;0,03;29,30;0,03;79,45;79,23
01.09.1959;0,05;111,35;57,00;1,82;3,43;18,02;0,04;29,40;0,03;79,59;79,37
01.10.1959;0,05;111,76;57,23;1,82;3,42;18,07;0,04;29,40;0,03;80,13;79,91
01.11.1959;0,05;111,79;59,06;1,83;3,40;18,62;0,04;29,40;0,03;82,90;82,67
01.12.1959;0,05;110,68;58,03;1,87;3,39;18,34;0,04;29,30;0,03;81,68;81,45
01.01.1960;0,05;111,74;55,78;1,90;3,39;17,55;0,04;29,40;0,03;78,73;78,52
01.02.1960;0,04;114,22;55,02;1,94;3,39;17,29;0,04;29,40;0,04;77,89;77,68
01.03.1960;0,04;117,96;55,73;1,94;3,39;17,43;0,03;29,50;0,03;79,12;78,91
01.04.1960;0,04;115,64;55,22;1,95;3,35;17,26;0,03;29,50;0,04;78,63;78,42
01.05.1960;0,04;117,82;57,26;1,95;3,30;17,82;0,03;29,60;0,03;81,77;81,54
01.06.1960;0,04;118,04;55,84;1,95;3,26;17,38;0,02;29,60;0,03;79,97;79,75
01.07.1960;0,04;122,21;56,51;1,95;3,26;17,58;0,02;29,60;0,03;81,16;80,94
01.08.1960;0,04;122,16;54,81;1,95;3,27;17,05;0,02;29,60;0,04;78,95;78,75
01.09.1960;0,04;123,05;53,73;1,95;3,27;16,61;0,02;29,80;0,04;77,63;77,43
01.10.1960;0,04;122,62;55,47;1,95;3,27;17,15;0,02;29,80;0,04;80,38;80,17
01.11.1960;0,04;122,01;56,80;1,95;3,27;17,56;0,02;29,80;0,03;82,54;82,32
01.12.1960;0,04;125,01;59,72;1,95;3,27;18,47;0,02;29,80;0,03;87,02;86,77
01.01.1961;0,04;124,23;62,17;1,94;3,21;19,23;0,02;29,80;0,03;90,83;90,56
01.02.1961;0,04;125,83;64,12;1,94;3,15;19,84;0,02;29,80;0,03;93,91;93,63
01.03.1961;0,04;125,38;65,83;1,94;3,09;20,38;0,02;29,80;0,03;96,66;96,35
01.04.1961;0,04;126,44;66,50;1,94;3,07;20,60;0,02;29,80;0,03;97,88;97,57
01.05.1961;0,04;125,99;65,62;1,94;3,05;20,33;0,02;29,80;0,03;96,82;96,52
01.06.1961;0,04;125,66;65,44;1,95;3,03;20,15;0,02;30,00;0,03;96,79;96,49
01.07.1961;0,04;125,01;67,79;1,95;3,04;20,94;0,02;29,90;0,03;100,51;100,19
01.08.1961;0,04;125,41;67,26;1,96;3,04;20,71;0,02;30,00;0,03;99,97;99,65
01.09.1961;0,04;127,18;68,00;1,98;3,05;20,92;0,02;30,00;0,03;101,31;100,99
01.10.1961;0,04;127,34;71,08;2,00;3,10;21,86;0,02;30,00;0,03;106,15;105,80
01.11.1961;0,04;126,40;71,74;2,02;3,14;22,04;0,02;30,00;0,03;107,38;107,03
01.12.1961;0,04;126,23;69,07;2,03;3,19;21,20;0,03;30,00;0,03;103,64;103,31
01.01.1962;0,04;126,25;70,22;2,03;3,25;21,45;0,03;30,10;0,03;105,62;105,28
01.02.1962;0,04;127,71;70,29;2,04;3,31;21,44;0,03;30,10;0,03;105,98;105,64
01.03.1962;0,04;129,60;68,05;2,05;3,37;20,66;0,03;30,20;0,03;102,86;102,54
01.04.1962;0,04;130,01;62,99;2,05;3,40;19,09;0,03;30,20;0,03;95,47;95,19
01.05.1962;0,04;130,01;55,63;2,06;3,44;16,83;0,03;30,20;0,04;84,58;84,36
01.06.1962;0,04;129,37;56,97;2,07;3,47;17,14;0,03;30,30;0,04;86,88;86,65
01.07.1962;0,04;129,38;58,52;2,07;3,49;17,57;0,03;30,30;0,04;89,50;89,26
01.08.1962;0,04;130,66;58,00;2,08;3,51;17,32;0,03;30,40;0,04;88,97;88,74
01.09.1962;0,04;131,31;56,17;2,10;3,53;16,74;0,03;30,40;0,04;86,43;86,21
01.10.1962;0,04;131,95;60,04;2,11;3,58;17,85;0,03;30,40;0,04;92,66;92,40
01.11.1962;0,04;132,38;62,64;2,13;3,62;18,59;0,03;30,40;0,03;96,95;96,67
01.12.1962;0,04;133,57;65,06;2,14;3,67;19,26;0,03;30,40;0,03;100,97;100,67
01.01.1963;0,04;133,78;65,92;2,14;3,68;19,47;0,03;30,40;0,03;102,58;102,27
01.02.1963;0,04;133,45;65,67;2,15;3,70;19,29;0,03;30,50;0,03;102,47;102,16
01.03.1963;0,04;133,78;68,76;2,17;3,71;20,15;0,03;30,50;0,03;107,57;107,24
01.04.1963;0,04;134,22;70,14;2,18;3,75;20,51;0,03;30,50;0,03;110,02;109,67
01.05.1963;0,04;134,55;70,11;2,20;3,80;20,38;0,03;30,60;0,03;110,26;109,91
01.06.1963;0,04;134,56;69,07;2,20;3,84;19,97;0,03;30,70;0,03;108,91;108,57
01.07.1963;0,04;135,01;70,98;2,21;3,88;20,47;0,03;30,70;0,03;112,21;111,85
01.08.1963;0,04;135,24;72,85;2,21;3,92;20,96;0,03;30,70;0,03;115,46;115,08
01.09.1963;0,04;135,15;73,03;2,23;3,96;20,89;0,03;30,80;0,03;116,04;115,66
01.10.1963;0,04;134,73;72,62;2,26;3,98;20,72;0,03;30,80;0,03;115,69;115,31
01.11.1963;0,04;135,96;74,17;2,28;4,00;21,04;0,04;30,90;0,03;118,46;118,07
01.12.1963;0,04;135,77;76,45;2,30;4,02;21,63;0,04;30,90;0,03;122,40;121,99
01.01.1964;0,04;136,13;77,39;2,31;4,07;21,83;0,04;30,90;0,03;124,22;123,79
01.02.1964;0,04;136,27;78,80;2,33;4,13;22,17;0,04;30,90;0,03;126,79;126,36
01.03.1964;0,04;136,20;79,94;2,35;4,18;22,42;0,04;30,90;0,03;128,94;128,49
01.04.1964;0,04;136,78;80,72;2,36;4,23;22,57;0,03;30,90;0,03;130,52;130,06
01.05.1964;0,04;137,60;80,24;2,38;4,28;22,30;0,03;31,00;0,03;130,06;129,61
01.06.1964;0,04;138,52;83,22;2,40;4,33;22,98;0,03;31,10;0,03;135,22;134,73
01.07.1964;0,04;138,55;82,00;2,42;4,38;22,65;0,03;31,00;0,03;133,56;133,09
01.08.1964;0,04;138,81;83,41;2,44;4,42;22,89;0,04;31,10;0,03;136,19;135,70
01.09.1964;0,04;139,64;84,85;2,46;4,47;23,21;0,04;31,10;0,03;138,88;138,37
01.10.1964;0,04;140,35;85,44;2,48;4,50;23,23;0,04;31,20;0,03;140,18;139,67
01.11.1964;0,04;140,38;83,96;2,50;4,52;22,75;0,04;31,20;0,03;138,09;137,60
01.12.1964;0,04;140,76;86,12;2,52;4,55;23,27;0,04;31,20;0,03;141,99;141,47
01.01.1965;0,04;141,48;86,75;2,53;4,59;23,37;0,04;31,20;0,03;143,38;142,85
01.02.1965;0,04;141,63;86,83;2,55;4,64;23,25;0,04;31,30;0,03;143,86;143,33
01.03.1965;0,04;142,36;87,97;2,57;4,68;23,42;0,04;31,40;0,03;146,11;145,56
01.04.1965;0,04;142,74;89,28;2,59;4,73;23,71;0,04;31,40;0,03;148,64;148,08
01.05.1965;0,04;143,02;85,04;2,61;4,79;22,39;0,04;31,60;0,03;141,94;141,43
01.06.1965;0,04;143,87;84,91;2,63;4,84;22,30;0,04;31,60;0,03;142,09;141,58
01.07.1965;0,04;144,14;86,49;2,64;4,89;22,67;0,04;31,60;0,03;145,10;144,57
01.08.1965;0,04;144,07;89,38;2,66;4,93;23,37;0,04;31,60;0,03;150,32;149,76
01.09.1965;0,04;143,66;91,39;2,68;4,98;23,78;0,04;31,70;0,03;154,08;153,49
01.10.1965;0,04;143,49;92,15;2,70;5,05;23,93;0,04;31,70;0,03;155,74;155,15
01.11.1965;0,04;143,22;91,73;2,72;5,12;23,69;0,04;31,80;0,03;155,41;154,82
01.12.1965;0,05;141,84;93,32;2,74;5,19;24,06;0,04;31,80;0,03;158,49;157,88
01.01.1966;0,05;141,95;92,69;2,76;5,24;23,70;0,05;32,00;0,03;157,82;157,21
01.02.1966;0,05;138,88;88,88;2,78;5,29;22,61;0,05;32,10;0,03;151,72;151,16
01.03.1966;0,05;142,84;91,60;2,80;5,34;23,11;0,05;32,30;0,03;156,76;156,17
01.04.1966;0,05;142,50;86,78;2,81;5,38;21,85;0,05;32,30;0,03;148,92;148,37
01.05.1966;0,05;142,96;86,06;2,83;5,42;21,56;0,05;32,40;0,03;148,09;147,55
01.06.1966;0,05;141,65;85,84;2,85;5,46;21,38;0,05;32,50;0,03;148,12;147,58
01.07.1966;0,05;141,36;80,65;2,87;5,48;19,91;0,05;32,70;0,04;139,57;139,09
01.08.1966;0,05;138,62;77,81;2,89;5,49;19,16;0,05;32,70;0,04;135,07;134,63
01.09.1966;0,05;142,88;77,13;2,88;5,51;18,83;0,05;32,90;0,04;134,31;133,87
01.10.1966;0,05;144,03;80,99;2,88;5,52;19,71;0,05;32,90;0,04;141,45;140,97
01.11.1966;0,05;142,97;81,33;2,87;5,54;19,74;0,05;32,90;0,04;142,46;141,97
01.12.1966;0,05;148,98;84,45;2,88;5,55;20,43;0,05;32,90;0,03;148,35;147,82
01.01.1967;0,05;150,97;87,36;2,89;5,52;21,07;0,05;32,90;0,03;153,88;153,32
01.02.1967;0,05;149,17;89,42;2,90;5,48;21,44;0,05;33,00;0,03;157,94;157,35
01.03.1967;0,05;152,36;90,96;2,90;5,45;21,69;0,04;33,10;0,03;161,08;160,48
01.04.1967;0,05;149,60;92,59;2,90;5,41;21,95;0,04;33,20;0,03;164,40;163,78
01.05.1967;0,05;149,84;91,43;2,90;5,37;21,55;0,04;33,30;0,03;162,77;162,16
01.06.1967;0,05;145,73;93,01;2,91;5,33;21,80;0,04;33,40;0,03;166,01;165,38
01.07.1967;0,05;147,04;94,49;2,91;5,32;22,03;0,04;33,50;0,03;169,09;168,44
01.08.1967;0,05;146,43;95,81;2,92;5,31;22,22;0,04;33,60;0,03;171,88;171,22
01.09.1967;0,05;146,63;95,66;2,92;5,30;22,07;0,04;33,70;0,03;172,05;171,39
01.10.1967;0,06;143,64;92,66;2,92;5,31;21,26;0,05;33,80;0,03;167,09;166,46
01.11.1967;0,06;143,24;95,30;2,92;5,32;21,75;0,05;33,90;0,03;172,29;171,63
01.12.1967;0,06;144,36;95,04;2,93;5,33;21,51;0,05;34,10;0,03;172,26;171,60
01.01.1968;0,06;146,79;90,75;2,94;5,37;20,42;0,05;34,20;0,03;164,93;164,32
01.02.1968;0,06;147,24;89,09;2,95;5,40;19,93;0,05;34,30;0,03;162,36;161,77
01.03.1968;0,06;145,72;95,67;2,96;5,44;21,28;0,05;34,40;0,03;174,80;174,13
01.04.1968;0,06;146,64;97,87;2,98;5,48;21,63;0,05;34,50;0,03;179,28;178,58
01.05.1968;0,06;146,03;100,50;2,99;5,53;22,00;0,06;34,70;0,03;184,55;183,82
01.06.1968;0,06;149,16;100,30;3,00;5,57;21,75;0,06;34,90;0,03;184,64;183,91
01.07.1968;0,05;152,70;98,11;3,02;5,60;21,14;0,05;35,00;0,03;181,07;180,37
01.08.1968;0,05;153,04;101,30;3,03;5,63;21,68;0,05;35,10;0,03;187,43;186,68
01.09.1968;0,05;152,92;103,80;3,04;5,66;22,00;0,05;35,30;0,03;192,52;191,74
01.10.1968;0,06;152,24;105,40;3,06;5,69;22,20;0,05;35,40;0,03;195,96;195,16
01.11.1968;0,06;151,01;106,50;3,07;5,73;22,28;0,05;35,50;0,03;198,48;197,67
01.12.1968;0,06;147,53;102,00;3,08;5,76;21,19;0,06;35,60;0,03;190,58;189,81
01.01.1969;0,06;147,96;101,50;3,09;5,78;20,90;0,06;35,80;0,03;190,12;189,37
01.02.1969;0,06;147,97;99,30;3,10;5,80;20,20;0,06;36,10;0,03;186,49;185,75
01.03.1969;0,06;148,31;101,30;3,11;5,82;20,43;0,06;36,30;0,03;190,73;189,97
01.04.1969;0,06;150,17;104,60;3,12;5,83;20,97;0,06;36,40;0,03;197,43;196,63
01.05.1969;0,07;147,05;99,14;3,13;5,83;19,71;0,06;36,60;0,03;187,62;186,88
01.06.1969;0,07;146,07;94,71;3,14;5,84;18,68;0,06;36,80;0,03;179,73;179,05
01.07.1969;0,07;147,62;94,18;3,14;5,86;18,43;0,07;37,00;0,03;179,22;178,55
01.08.1969;0,07;146,66;94,51;3,15;5,87;18,40;0,07;37,10;0,03;180,35;179,67
01.09.1969;0,08;140,60;95,52;3,15;5,89;18,45;0,07;37,30;0,03;182,78;182,08
01.10.1969;0,07;147,16;96,21;3,16;5,85;18,44;0,07;37,50;0,03;184,60;183,89
01.11.1969;0,07;144,42;91,11;3,16;5,82;17,33;0,07;37,70;0,03;175,32;174,68
01.12.1969;0,08;139,51;90,31;3,16;5,78;17,09;0,08;37,80;0,04;174,29;173,65
01.01.1970;0,08;141,66;87,16;3,17;5,73;16,37;0,08;38,00;0,04;168,72;168,12
01.02.1970;0,07;151,12;88,65;3,17;5,68;16,53;0,07;38,20;0,04;172,11;171,50
01.03.1970;0,07;150,08;85,95;3,17;5,63;15,87;0,07;38,50;0,04;167,39;166,80
01.04.1970;0,08;143,40;76,06;3,18;5,59;13,98;0,07;38,60;0,04;148,64;148,19
01.05.1970;0,08;143,07;75,59;3,18;5,56;13,80;0,07;38,80;0,04;148,24;147,79
01.06.1970;0,08;146,67;75,72;3,18;5,52;13,73;0,07;39,00;0,04;149,01;148,57
01.07.1970;0,07;150,66;77,92;3,19;5,47;14,10;0,06;39,00;0,04;153,87;153,39
01.08.1970;0,07;150,44;82,58;3,19;5,41;14,84;0,06;39,20;0,04;163,59;163,06
01.09.1970;0,07;153,48;84,37;3,17;5,36;15,06;0,06;39,40;0,04;167,66;167,10
01.10.1970;0,07;153,99;84,28;3,16;5,28;14,95;0,06;39,60;0,04;168,01;167,44
01.11.1970;0,06;164,28;90,05;3,14;5,21;15,87;0,05;39,80;0,03;180,03;179,39
01.12.1970;0,07;165,05;93,49;3,13;5,13;16,46;0,05;39,80;0,03;187,43;186,75
01.01.1971;0,06;170,92;97,11;3,12;5,16;17,03;0,04;39,90;0,03;195,21;194,48
01.02.1971;0,06;171,16;99,60;3,11;5,19;17,40;0,04;40,00;0,03;200,74;199,97
01.03.1971;0,06;179,93;103,00;3,11;5,22;17,92;0,03;40,10;0,03;208,11;207,30
01.04.1971;0,06;173,47;101,60;3,10;5,25;17,56;0,04;40,30;0,03;205,80;205,01
01.05.1971;0,06;170,56;99,72;3,10;5,29;17,08;0,04;40,60;0,03;202,52;201,75
01.06.1971;0,07;167,56;99,00;3,10;5,32;16,89;0,05;40,70;0,03;201,58;200,82
01.07.1971;0,07;166,71;97,24;3,09;5,36;16,52;0,05;40,80;0,03;198,52;197,78
01.08.1971;0,06;174,60;99,40;3,09;5,39;16,86;0,05;40,80;0,03;203,46;202,68
01.09.1971;0,06;179,13;97,29;3,08;5,43;16,43;0,05;40,90;0,03;199,66;198,92
01.10.1971;0,06;181,75;92,78;3,08;5,52;15,64;0,04;40,90;0,03;190,93;190,25
01.11.1971;0,06;181,83;99,17;3,07;5,61;16,60;0,04;41,10;0,03;204,61;203,84
01.12.1971;0,06;183,27;103,30;3,07;5,70;17,26;0,04;41,10;0,03;213,66;212,83
01.01.1972;0,06;181,47;105,20;3,07;5,74;17,46;0,03;41,30;0,03;218,12;217,27
01.02.1972;0,06;183,06;107,70;3,07;5,77;17,81;0,03;41,40;0,03;223,83;222,95
01.03.1972;0,06;182,91;108,80;3,07;5,81;17,92;0,04;41,50;0,03;226,65;225,75
01.04.1972;0,06;183,57;107,70;3,07;5,86;17,66;0,04;41,60;0,03;224,89;224,00
01.05.1972;0,06;185,73;108,00;3,07;5,92;17,64;0,04;41,70;0,03;226,05;225,16
01.06.1972;0,06;185,30;107,20;3,07;5,97;17,40;0,04;41,90;0,03;224,91;224,03
01.07.1972;0,06;186,66;111,00;3,08;6,03;17,94;0,04;42,00;0,03;233,43;232,48
01.08.1972;0,06;183,55;109,40;3,08;6,08;17,61;0,04;42,10;0,03;230,60;229,68
01.09.1972;0,07;182,95;109,60;3,10;6,14;17,53;0,05;42,30;0,03;231,57;230,64
01.10.1972;0,06;185,67;115,10;3,13;6,23;18,34;0,05;42,40;0,03;243,74;242,74
01.11.1972;0,06;188,42;117,50;3,15;6,33;18,65;0,05;42,50;0,03;249,38;248,34
01.12.1972;0,06;187,63;118,40;3,16;6,42;18,71;0,05;42,60;0,03;251,84;250,79
01.01.1973;0,07;186,87;114,20;3,16;6,55;17,89;0,05;42,90;0,03;243,47;242,48
01.02.1973;0,07;186,55;112,40;3,17;6,67;17,41;0,06;43,30;0,03;240,20;239,22
01.03.1973;0,07;186,38;110,30;3,19;6,80;16,94;0,06;43,60;0,03;236,28;235,33
01.04.1973;0,07;187,83;107,20;3,20;6,94;16,31;0,06;43,90;0,03;230,21;229,30
01.05.1973;0,07;185,81;104,80;3,22;7,09;15,81;0,06;44,20;0,03;225,63;224,76
01.06.1973;0,07;186,76;105,80;3,24;7,23;15,89;0,07;44,30;0,03;228,36;227,47
01.07.1973;0,07;181,49;103,80;3,25;7,38;15,28;0,08;45,10;0,03;224,63;223,77
01.08.1973;0,07;184,90;105,60;3,27;7,54;15,48;0,09;45,20;0,03;229,12;228,23
01.09.1973;0,07;190,61;109,80;3,31;7,69;15,91;0,08;45,60;0,03;238,83;237,88
01.10.1973;0,07;194,30;102,00;3,34;7,85;14,65;0,07;45,90;0,03;222,47;221,63
01.11.1973;0,07;195,66;94,78;3,38;8,00;13,49;0,08;46,20;0,04;207,34;206,60
01.12.1973;0,07;193,84;96,11;3,40;8,16;13,53;0,07;46,60;0,04;210,86;210,11
01.01.1974;0,07;193,58;93,45;3,42;8,23;12,96;0,08;47,20;0,04;205,65;204,93
01.02.1974;0,07;194,58;97,44;3,44;8,29;13,31;0,07;47,80;0,04;215,07;214,28
01.03.1974;0,07;190,31;92,46;3,46;8,36;12,55;0,08;48,00;0,04;204,71;204,00
01.04.1974;0,08;188,22;89,67;3,48;8,49;12,00;0,08;48,60;0,04;199,18;198,51
01.05.1974;0,08;191,25;89,79;3,50;8,61;11,89;0,08;49,00;0,04;200,09;199,42
01.06.1974;0,08;190,87;79,31;3,53;8,74;10,39;0,08;49,40;0,04;177,39;176,88
01.07.1974;0,08;188,84;76,03;3,56;8,86;9,82;0,08;50,00;0,05;170,72;170,26
01.08.1974;0,08;187,29;68,12;3,59;8,99;8,68;0,09;50,60;0,05;153,63;153,29
01.09.1974;0,08;190,71;69,44;3,59;9,11;8,74;0,08;51,10;0,05;157,28;156,92
01.10.1974;0,08;193,93;71,74;3,60;9,04;8,95;0,07;51,50;0,05;163,17;162,77
01.11.1974;0,08;197,18;67,07;3,60;8,96;8,29;0,07;51,90;0,05;153,23;152,91
01.12.1974;0,07;201,72;72,56;3,62;8,89;8,92;0,07;52,10;0,05;166,46;166,06
01.01.1975;0,08;201,16;80,10;3,65;8,74;9,76;0,06;52,50;0,05;184,46;183,94
01.02.1975;0,07;203,39;83,78;3,67;8,60;10,16;0,06;52,70;0,04;193,64;193,07
01.03.1975;0,08;197,10;84,72;3,68;8,45;10,23;0,05;52,90;0,04;196,52;195,93
01.04.1975;0,08;194,48;90,10;3,70;8,29;10,82;0,06;53,20;0,04;209,71;209,05
01.05.1975;0,08;199,36;92,40;3,71;8,12;11,01;0,05;53,60;0,04;215,79;215,08
01.06.1975;0,08;201,78;92,49;3,71;7,96;10,90;0,05;54,20;0,04;216,72;216,01
01.07.1975;0,08;199,87;85,71;3,71;7,89;10,09;0,06;54,30;0,04;201,56;200,95
01.08.1975;0,08;200,97;84,67;3,71;7,83;9,92;0,06;54,60;0,04;199,84;199,25
01.09.1975;0,08;198,89;88,57;3,70;7,76;10,33;0,06;54,90;0,04;209,77;209,12
01.10.1975;0,08;207,99;90,07;3,69;7,83;10,44;0,06;55,30;0,04;214,05;213,38
01.11.1975;0,08;206,15;88,70;3,68;7,89;10,25;0,05;55,50;0,04;211,52;210,87
01.12.1975;0,08;212,89;96,86;3,68;7,96;11,19;0,05;55,60;0,04;231,71;230,94
01.01.1976;0,08;213,69;100,60;3,69;8,19;11,59;0,05;55,80;0,04;241,40;240,56
01.02.1976;0,08;215,52;101,10;3,69;8,43;11,63;0,05;55,90;0,04;243,33;242,49
01.03.1976;0,08;218,54;101,90;3,71;8,66;11,69;0,05;56,10;0,04;246,00;245,14
01.04.1976;0,08;219,78;101,20;3,74;8,86;11,53;0,05;56,50;0,04;245,07;244,21
01.05.1976;0,08;216,87;101,80;3,76;9,05;11,54;0,05;56,80;0,04;247,28;246,41
01.06.1976;0,08;219,79;104,20;3,79;9,25;11,76;0,05;57,10;0,04;253,87;252,97
01.07.1976;0,08;221,23;103,30;3,82;9,35;11,60;0,05;57,40;0,04;252,46;251,56
01.08.1976;0,08;225,71;105,50;3,85;9,45;11,81;0,05;57,60;0,04;258,62;257,68
01.09.1976;0,08;228,86;101,90;3,92;9,55;11,35;0,05;57,90;0,04;250,59;249,72
01.10.1976;0,07;232,37;101,20;3,98;9,67;11,25;0,05;58,00;0,04;249,69;248,82
01.11.1976;0,07;240,53;104,70;4,05;9,79;11,60;0,05;58,20;0,04;259,16;258,23
01.12.1976;0,07;245,36;103,80;4,10;9,91;11,44;0,04;58,50;0,04;257,77;256,86
01.01.1977;0,07;236,71;101,00;4,14;9,97;11,01;0,05;59,10;0,04;251,68;250,81
01.02.1977;0,07;237,35;100,60;4,19;10,02;10,90;0,05;59,50;0,04;251,55;250,68
01.03.1977;0,07;239,32;99,05;4,25;10,08;10,64;0,05;60,00;0,04;248,56;247,72
01.04.1977;0,07;240,30;98,76;4,30;10,19;10,55;0,05;60,30;0,04;248,73;247,89
01.05.1977;0,07;242,96;99,29;4,36;10,31;10,53;0,05;60,70;0,04;250,98;250,13
01.06.1977;0,07;247,52;100,20;4,41;10,42;10,57;0,05;61,00;0,04;254,21;253,34
01.07.1977;0,07;245,23;97,75;4,45;10,52;10,27;0,05;61,20;0,05;248,94;248,10
01.08.1977;0,07;249,14;96,23;4,50;10,61;10,07;0,05;61,40;0,05;246,02;245,21
01.09.1977;0,07;248,40;93,74;4,56;10,71;9,77;0,06;61,60;0,05;240,63;239,86
01.10.1977;0,08;246,35;94,28;4,61;10,77;9,77;0,06;61,90;0,05;243,00;242,22
01.11.1977;0,08;249,11;93,82;4,67;10,83;9,68;0,06;62,10;0,05;242,82;242,04
01.12.1977;0,08;246,76;90,25;4,71;10,89;9,24;0,06;62,50;0,05;234,59;233,89
01.01.1978;0,08;245,69;88,98;4,76;10,90;9,05;0,06;62,90;0,05;232,32;231,64
01.02.1978;0,08;245,66;88,82;4,80;10,91;8,95;0,06;63,40;0,05;232,95;232,26
01.03.1978;0,08;245,49;92,71;4,84;10,92;9,26;0,06;63,90;0,05;244,21;243,45
01.04.1978;0,08;245,68;97,41;4,87;11,02;9,63;0,06;64,50;0,05;257,66;256,80
01.05.1978;0,08;244,43;97,66;4,91;11,13;9,55;0,06;65,20;0,05;259,40;258,54
01.06.1978;0,09;242,93;97,19;4,95;11,23;9,43;0,07;65,70;0,05;259,25;258,39
01.07.1978;0,09;245,64;103,90;4,98;11,34;10,02;0,07;66,00;0,05;278,25;277,26
01.08.1978;0,08;250,16;103,90;5,02;11,46;9,94;0,07;66,50;0,05;279,38;278,38
01.09.1978;0,09;249,11;100,60;5,04;11,57;9,53;0,08;67,10;0,05;271,63;270,70
01.10.1978;0,09;244,43;94,71;5,05;11,82;8,93;0,08;67,40;0,05;256,86;256,05
01.11.1978;0,09;247,84;96,11;5,07;12,08;9,01;0,09;67,70;0,05;261,81;260,96
01.12.1978;0,09;245,05;99,71;5,11;12,33;9,26;0,09;68,30;0,05;272,77;271,85
01.01.1979;0,09;250,10;98,23;5,16;12,65;9,00;0,09;69,10;0,05;269,90;269,01
01.02.1979;0,09;248,43;100,10;5,20;12,98;9,07;0,09;69,80;0,05;276,23;275,29
01.03.1979;0,09;251,29;102,10;5,25;13,30;9,13;0,09;70,60;0,05;282,96;281,97
01.04.1979;0,09;249,35;99,73;5,29;13,53;8,79;0,09;71,50;0,05;277,61;276,68
01.05.1979;0,09;255,96;101,70;5,34;13,75;8,85;0,10;72,30;0,05;284,33;283,35
01.06.1979;0,09;262,07;102,70;5,40;13,98;8,83;0,09;73,10;0,05;288,39;287,38
01.07.1979;0,09;260,60;107,40;5,45;14,20;9,13;0,09;73,80;0,05;302,86;301,75
01.08.1979;0,09;258,72;108,60;5,51;14,41;9,11;0,10;74,60;0,05;307,54;306,39
01.09.1979;0,09;257,43;104,50;5,56;14,63;8,68;0,10;75,20;0,05;297,24;296,18
01.10.1979;0,11;239,63;103,70;5,60;14,71;8,52;0,12;75,90;0,05;296,29;295,25
01.11.1979;0,10;246,74;107,80;5,65;14,78;8,75;0,12;76,70;0,05;309,35;308,21
01.12.1979;0,10;249,63;110,90;5,70;14,86;8,85;0,12;77,80;0,05;319,61;318,40
01.01.1980;0,11;239,96;115,30;5,75;15,00;9,05;0,12;78,90;0,05;333,67;332,35
01.02.1980;0,13;221,02;104,70;5,80;15,15;8,08;0,13;80,10;0,06;304,39;303,33
01.03.1980;0,13;224,35;103,00;5,85;15,29;7,84;0,15;81,00;0,06;300,87;299,84
01.04.1980;0,11;252,05;107,70;5,89;15,17;8,10;0,13;81,80;0,05;316,03;314,89
01.05.1980;0,10;262,20;114,60;5,94;15,06;8,51;0,09;82,70;0,05;337,73;336,42
01.06.1980;0,10;267,03;119,80;5,98;14,94;8,88;0,07;82,70;0,05;354,53;353,09
01.07.1980;0,11;258,53;123,50;6,03;14,84;9,07;0,08;83,30;0,05;366,96;365,43
01.08.1980;0,12;248,97;126,50;6,07;14,74;9,20;0,09;84,00;0,05;377,38;375,77
01.09.1980;0,12;246,93;130,20;6,10;14,64;9,36;0,10;84,80;0,05;389,93;388,23
01.10.1980;0,12;241,07;135,70;6,13;14,70;9,65;0,12;85,50;0,05;407,93;406,09
01.11.1980;0,13;240,10;133,50;6,16;14,76;9,39;0,14;86,30;0,05;402,86;401,07
01.12.1980;0,12;246,55;133,00;6,20;14,82;9,26;0,15;87,00;0,05;402,91;401,12
01.01.1981;0,13;245,68;128,40;6,24;14,74;8,83;0,15;87,90;0,05;390,55;388,87
01.02.1981;0,13;238,33;133,20;6,28;14,66;9,08;0,15;88,50;0,05;406,75;404,94
01.03.1981;0,13;244,90;134,40;6,32;14,58;9,09;0,13;89,10;0,05;412,02;410,17
01.04.1981;0,14;234,97;131,70;6,35;14,72;8,82;0,14;89,80;0,05;405,36;403,58
01.05.1981;0,14;245,45;132,30;6,39;14,87;8,77;0,16;90,60;0,05;408,85;407,04
01.06.1981;0,14;243,52;129,10;6,43;15,01;8,45;0,15;91,60;0,05;400,62;398,89
01.07.1981;0,15;236,19;129,60;6,48;15,10;8,40;0,15;92,30;0,05;403,84;402,10
01.08.1981;0,15;230,34;118,30;6,52;15,18;7,58;0,16;93,20;0,06;370,33;368,88
01.09.1981;0,16;228,42;119,80;6,56;15,27;7,65;0,15;93,40;0,05;376,73;375,24
01.10.1981;0,15;245,67;122,90;6,59;15,30;7,81;0,14;93,70;0,05;388,21;386,63
01.11.1981;0,13;268,78;123,80;6,63;15,33;7,83;0,11;94,00;0,05;392,80;391,19
01.12.1981;0,14;259,66;117,30;6,66;15,36;7,39;0,11;94,30;0,06;373,93;372,50
01.01.1982;0,14;260,50;114,50;6,69;15,18;7,18;0,12;94,60;0,06;366,78;365,42
01.02.1982;0,14;265,08;110,80;6,72;14,99;6,95;0,13;94,50;0,06;356,73;355,46
01.03.1982;0,14;266,10;116,30;6,75;14,81;7,26;0,13;94,90;0,06;376,24;374,82
01.04.1982;0,14;273,62;116,40;6,78;14,60;7,19;0,13;95,80;0,06;378,40;376,97
01.05.1982;0,14;279,12;109,70;6,81;14,38;6,69;0,12;97,00;0,06;358,46;357,22
01.06.1982;0,14;271,73;109,40;6,82;14,17;6,64;0,12;97,50;0,06;359,34;358,10
01.07.1982;0,14;286,04;109,70;6,84;13,97;6,64;0,11;97,70;0,06;362,19;360,94
01.08.1982;0,13;303,05;122,40;6,85;13,76;7,40;0,09;97,90;0,06;406,01;404,41
01.09.1982;0,12;325,18;132,70;6,86;13,56;8,00;0,08;98,20;0,05;442,07;440,18
01.10.1982;0,11;348,32;138,10;6,86;13,25;8,35;0,08;98,00;0,05;461,97;459,92
01.11.1982;0,11;349,76;139,40;6,87;12,95;8,47;0,08;97,60;0,05;468,23;466,13
01.12.1982;0,10;362,09;144,30;6,88;12,64;8,76;0,08;97,80;0,05;486,62;484,37
01.01.1983;0,11;355,66;146,80;6,90;12,57;8,91;0,08;97,90;0,05;496,98;494,66
01.02.1983;0,10;370,42;151,90;6,91;12,49;9,23;0,08;97,90;0,05;516,20;513,72
01.03.1983;0,11;365,76;157,70;6,92;12,42;9,53;0,08;98,60;0,04;537,87;535,21
01.04.1983;0,10;376,84;164,10;6,93;12,48;9,87;0,08;99,20;0,04;561,67;558,82
01.05.1983;0,11;367,87;166,40;6,94;12,53;10,00;0,08;99,50;0,04;571,52;568,59
01.06.1983;0,11;367,90;167,00;6,96;12,59;10,01;0,09;99,90;0,04;575,57;572,62
01.07.1983;0,12;354,29;162,40;6,98;12,83;9,73;0,09;100,20;0,04;561,72;558,90
01.08.1983;0,12;353,31;167,20;7,00;13,06;9,98;0,09;100,70;0,04;580,34;577,37
01.09.1983;0,11;367,98;167,70;7,03;13,30;10,00;0,09;101,00;0,04;584,11;581,11
01.10.1983;0,12;365,12;165,20;7,06;13,54;9,85;0,09;101,20;0,04;577,45;574,52
01.11.1983;0,12;371,02;164,40;7,09;13,79;9,82;0,09;101,30;0,04;576,72;573,80
01.12.1983;0,12;370,56;166,40;7,12;14,03;9,89;0,09;101,90;0,04;585,82;582,82
01.01.1984;0,12;377,42;157,30;7,15;14,44;9,32;0,09;102,40;0,05;555,88;553,16
01.02.1984;0,12;373,13;157,40;7,18;14,85;9,33;0,09;102,60;0,05;558,35;555,61
01.03.1984;0,13;366,66;157,60;7,22;15,26;9,31;0,10;103,10;0,05;561,19;558,44
01.04.1984;0,13;364,61;156,60;7,27;15,57;9,23;0,10;103,40;0,05;559,79;557,06
01.05.1984;0,14;347,46;153,10;7,31;15,89;9,01;0,10;103,70;0,05;549,46;546,82
01.06.1984;0,14;352,78;151,10;7,33;16,20;8,87;0,10;104,10;0,05;544,47;541,89
01.07.1984;0,13;374,92;164,40;7,36;16,32;9,62;0,10;104,50;0,04;594,60;591,61
01.08.1984;0,13;381,44;166,10;7,38;16,44;9,69;0,10;105,00;0,04;602,98;599,92
01.09.1984;0,12;392,34;164,80;7,43;16,56;9,60;0,10;105,30;0,05;600,51;597,48
01.10.1984;0,12;411,78;166,30;7,48;16,59;9,69;0,10;105,30;0,04;608,24;605,16
01.11.1984;0,12;420,85;164,50;7,53;16,61;9,60;0,09;105,30;0,05;603,95;600,91
01.12.1984;0,12;425,65;171,60;7,57;16,64;10,00;0,08;105,50;0,04;632,34;629,06
01.01.1985;0,11;439,30;180,90;7,62;16,56;10,49;0,08;106,00;0,04;668,95;665,36
01.02.1985;0,12;424,76;179,40;7,66;16,47;10,37;0,08;106,40;0,04;665,76;662,21
01.03.1985;0,12;435,37;180,60;7,69;16,39;10,40;0,09;106,90;0,04;672,59;668,99
01.04.1985;0,11;445,70;184,90;7,71;16,13;10,61;0,08;107,30;0,04;691,00;687,24
01.05.1985;0,10;480,81;188,90;7,74;15,87;10,81;0,07;107,60;0,04;708,36;704,46
01.06.1985;0,10;485,81;192,50;7,77;15,61;11,00;0,07;107,80;0,04;724,29;720,25
01.07.1985;0,11;480,55;188,30;7,81;15,48;10,74;0,07;108,00;0,04;710,93;707,03
01.08.1985;0,10;493,32;184,10;7,84;15,36;10,47;0,07;108,30;0,04;697,54;693,76
01.09.1985;0,10;496,64;186,20;7,86;15,23;10,55;0,07;108,70;0,04;707,98;704,12
01.10.1985;0,10;510,14;197,50;7,88;15,02;11,16;0,07;109,00;0,04;753,44;749,19
01.11.1985;0,10;527,91;207,30;7,90;14,82;11,69;0,07;109,30;0,04;793,34;788,74
01.12.1985;0,09;552,28;208,20;7,94;14,61;11,72;0,07;109,60;0,04;799,32;794,68
01.01.1986;0,09;553,58;219,40;7,98;14,58;12,39;0,07;109,30;0,04;844,87;839,83
01.02.1986;0,08;593,10;232,30;8,02;14,55;13,19;0,07;108,80;0,03;897,12;891,63
01.03.1986;0,07;627,59;238,00;8,05;14,52;13,55;0,07;108,60;0,03;921,72;916,02
01.04.1986;0,07;631,89;238,50;8,07;14,58;13,56;0,06;108,90;0,03;926,26;920,53
01.05.1986;0,08;607,23;245,30;8,10;14,65;13,89;0,06;109,50;0,03;955,29;949,31
01.06.1986;0,07;640,87;240,20;8,14;14,71;13,62;0,06;109,50;0,03;938,08;932,25
01.07.1986;0,07;645,24;245,00;8,19;14,76;13,89;0,06;109,70;0,03;959,49;953,48
01.08.1986;0,07;667,01;238,30;8,23;14,80;13,47;0,06;110,20;0,03;935,93;930,15
01.09.1986;0,07;647,78;237,40;8,25;14,85;13,43;0,05;110,30;0,03;935,10;929,33
01.10.1986;0,07;656,76;245,10;8,26;14,73;13,87;0,05;110,40;0,03;968,14;962,08
01.11.1986;0,07;669,53;248,60;8,28;14,60;14,09;0,05;110,50;0,03;984,69;978,49
01.12.1986;0,07;669,77;264,50;8,30;14,48;14,92;0,06;111,20;0,03;1050,41;1043,63
01.01.1987;0,07;676,16;280,90;8,32;14,69;15,82;0,05;111,60;0,03;1118,29;1110,91
01.02.1987;0,07;679,73;292,50;8,34;14,89;16,43;0,06;112,10;0,03;1167,24;1159,43
01.03.1987;0,08;668,78;289,30;8,40;15,10;16,20;0,06;112,70;0,03;1157,26;1149,55
01.04.1987;0,08;641,62;289,10;8,46;14,87;16,16;0,06;113,10;0,03;1159,28;1151,56
01.05.1987;0,08;634,13;301,40;8,52;14,65;16,83;0,06;113,50;0,03;1211,45;1203,27
01.06.1987;0,08;643,25;310,10;8,57;14,42;17,31;0,06;113,80;0,03;1249,29;1240,77
01.07.1987;0,09;635,92;329,40;8,61;14,90;18,33;0,06;114,40;0,03;1329,93;1320,70
01.08.1987;0,09;626,52;318,70;8,66;15,38;17,68;0,06;115,00;0,03;1289,65;1280,79
01.09.1987;0,10;606,36;280,20;8,71;15,86;15,53;0,06;115,30;0,03;1136,79;1129,38
01.10.1987;0,09;640,80;245,00;8,76;16,41;13,59;0,06;115,40;0,04;996,94;990,87
01.11.1987;0,09;640,98;241,00;8,81;16,95;13,39;0,06;115,40;0,04;983,65;977,71
01.12.1987;0,09;652,46;250,50;8,86;17,50;13,90;0,06;115,70;0,04;1025,44;1019,13
01.01.1988;0,08;682,11;258,10;8,90;17,86;14,30;0,06;116,00;0,03;1059,59;1052,98
01.02.1988;0,08;691,38;265,70;8,95;18,23;14,67;0,06;116,50;0,03;1093,85;1086,94
01.03.1988;0,09;677,40;262,60;9,04;18,59;14,43;0,06;117,10;0,03;1084,19;1077,38
01.04.1988;0,09;669,02;256,10;9,14;19,62;14,03;0,06;117,50;0,04;1060,50;1053,91
01.05.1988;0,09;659,80;270,70;9,23;20,64;14,77;0,06;118,00;0,03;1124,14;1116,99
01.06.1988;0,09;681,21;269,10;9,31;21,67;14,61;0,06;118,50;0,03;1120,72;1113,61
01.07.1988;0,09;673,06;263,70;9,38;22,02;14,24;0,07;119,00;0,04;1101,49;1094,56
01.08.1988;0,09;672,57;268,00;9,46;22,38;14,37;0,07;119,80;0,04;1122,74;1115,63
01.09.1988;0,09;694,39;277,40;9,55;22,73;14,81;0,07;120,20;0,03;1165,45;1157,96
01.10.1988;0,09;709,55;271,00;9,64;23,07;14,45;0,07;120,30;0,04;1141,94;1134,68
01.11.1988;0,09;695,89;276,50;9,75;23,42;14,70;0,08;120,50;0,04;1168,54;1161,04
01.12.1988;0,09;697,57;285,40;9,81;23,75;15,09;0,08;121,10;0,03;1209,61;1201,74
01.01.1989;0,09;708,75;294,00;9,90;24,16;15,47;0,08;121,60;0,03;1249,55;1241,32
01.02.1989;0,09;700,05;292,70;10,01;24,56;15,30;0,09;122,30;0,03;1247,58;1239,37
01.03.1989;0,09;706,38;302,30;10,09;24,96;15,69;0,09;123,10;0,03;1292,08;1283,47
01.04.1989;0,09;724,64;313,90;10,19;25,05;16,19;0,09;123,80;0,03;1345,29;1336,19
01.05.1989;0,09;750,12;323,70;10,37;25,13;16,64;0,08;124,10;0,03;1390,99;1381,47
01.06.1989;0,08;780,73;331,90;10,42;25,22;17,01;0,08;124,40;0,03;1429,96;1420,09
01.07.1989;0,08;800,89;346,60;10,55;24,71;17,73;0,08;124,60;0,03;1497,08;1486,58
01.08.1989;0,08;782,57;347,30;10,73;24,20;17,71;0,08;125,00;0,03;1503,97;1493,41
01.09.1989;0,08;785,34;347,40;10,80;23,69;17,64;0,08;125,60;0,03;1508,29;1497,71
01.10.1989;0,08;811,55;340,20;10,92;23,43;17,24;0,08;125,90;0,03;1480,99;1470,68
01.11.1989;0,08;821,33;348,60;11,06;23,16;17,65;0,08;126,10;0,03;1521,57;1510,88
01.12.1989;0,08;821,68;339,97;11,14;22,87;17,05;0,08;127,40;0,03;1487,95;1477,60
01.01.1990;0,08;799,87;330,45;11,23;22,49;16,51;0,08;128,00;0,03;1450,38;1440,41
01.02.1990;0,09;801,26;338,46;11,32;22,08;16,83;0,08;128,70;0,03;1489,68;1479,34
01.03.1990;0,09;799,57;338,18;11,44;21,67;16,81;0,08;128,90;0,03;1492,64;1482,28
01.04.1990;0,09;785,19;350,25;11,55;21,53;17,39;0,08;129,20;0,03;1550,16;1539,26
01.05.1990;0,09;813,85;360,39;11,66;21,40;17,82;0,08;129,90;0,03;1599,34;1587,97
01.06.1990;0,08;828,86;360,03;11,73;21,26;17,75;0,08;130,40;0,03;1602,08;1590,70
01.07.1990;0,08;838,54;330,75;11,78;21,42;16,17;0,08;131,60;0,04;1476,16;1466,06
01.08.1990;0,09;817,09;315,41;11,83;21,58;15,30;0,07;132,70;0,04;1412,09;1402,64
01.09.1990;0,09;825,26;307,12;11,93;21,74;14,82;0,07;133,50;0,04;1379,43;1370,32
01.10.1990;0,09;840,54;315,29;12,01;21,61;15,19;0,07;133,80;0,04;1420,62;1411,12
01.11.1990;0,08;868,50;328,75;12,09;21,47;15,85;0,07;133,80;0,04;1485,81;1475,69
01.12.1990;0,08;885,00;325,49;12,11;21,34;15,61;0,07;134,60;0,04;1475,64;1465,63
01.01.1991;0,08;893,95;362,26;12,11;21,18;17,35;0,06;134,80;0,03;1646,91;1635,28
01.02.1991;0,08;900,53;372,28;12,11;21,03;17,82;0,06;135,00;0,03;1697,05;1684,94
01.03.1991;0,08;904,73;379,68;12,13;20,94;18,16;0,06;135,20;0,03;1735,39;1722,92
01.04.1991;0,08;912,63;377,99;12,14;20,36;18,04;0,06;135,60;0,03;1732,29;1719,87
01.05.1991;0,08;916,27;378,29;12,15;19,86;18,02;0,05;136,00;0,03;1738,31;1725,83
01.06.1991;0,08;911,40;380,23;12,19;19,41;18,10;0,06;136,20;0,03;1751,89;1739,30
01.07.1991;0,08;920,10;389,40;12,24;18,84;18,51;0,06;136,60;0,03;1798,84;1785,80
01.08.1991;0,08;950,20;387,20;12,28;18,33;18,36;0,05;137,20;0,03;1793,41;1780,43
01.09.1991;0,07;979,40;386,88;12,25;17,82;18,35;0,05;137,40;0,03;1796,65;1783,66
01.10.1991;0,07;985,50;385,92;12,23;17,20;18,29;0,05;137,80;0,03;1796,93;1783,94
01.11.1991;0,07;997,79;388,51;12,20;16,59;18,44;0,05;137,90;0,03;1813,72;1800,58
01.12.1991;0,07;1051,78;416,08;12,24;15,97;19,77;0,04;138,10;0,03;1947,19;1932,77
01.01.1992;0,07;1013,69;412,56;12,28;16,05;19,58;0,04;138,60;0,03;1935,50;1921,21
01.02.1992;0,07;1022,70;407,36;12,32;16,12;19,28;0,04;139,30;0,03;1915,93;1901,84
01.03.1992;0,08;1009,85;407,41;12,32;16,19;19,30;0,04;139,50;0,03;1920,99;1906,86
01.04.1992;0,08;1011,33;414,81;12,32;16,48;19,66;0,04;139,70;0,03;1960,72;1946,22
01.05.1992;0,07;1037,46;408,27;12,32;16,77;19,32;0,04;140,20;0,03;1934,66;1920,43
01.06.1992;0,07;1057,64;415,05;12,34;17,05;19,62;0,04;140,50;0,03;1971,66;1957,08
01.07.1992;0,07;1095,71;417,93;12,37;17,38;19,72;0,03;140,90;0,03;1990,24;1975,49
01.08.1992;0,07;1109,72;418,48;12,40;17,71;19,71;0,03;141,30;0,03;1997,78;1982,96
01.09.1992;0,06;1136,01;412,50;12,39;18,04;19,37;0,03;141,80;0,03;1974,16;1959,59
01.10.1992;0,07;1107,22;422,84;12,38;18,39;19,83;0,03;142,00;0,03;2028,59;2013,49
01.11.1992;0,07;1101,73;435,64;12,39;18,74;20,45;0,03;141,90;0,03;2094,95;2079,22
01.12.1992;0,07;1127,84;435,23;12,41;19,09;20,32;0,03;142,60;0,03;2097,95;2082,20
01.01.1993;0,06;1159,53;441,70;12,45;19,34;20,55;0,03;143,10;0,03;2134,14;2118,04
01.02.1993;0,06;1196,52;450,16;12,48;19,59;20,86;0,03;143,60;0,03;2180,04;2163,51
01.03.1993;0,06;1202,53;443,08;12,49;19,84;20,46;0,03;144,00;0,03;2150,79;2134,56
01.04.1993;0,06;1206,80;445,25;12,51;19,67;20,52;0,03;144,20;0,03;2166,39;2150,01
01.05.1993;0,06;1203,14;448,06;12,52;19,50;20,61;0,03;144,40;0,03;2185,13;2168,59
01.06.1993;0,06;1241,64;447,29;12,52;19,33;20,56;0,03;144,40;0,03;2186,47;2169,92
01.07.1993;0,06;1244,86;454,13;12,52;19,69;20,81;0,03;144,80;0,03;2225,00;2208,09
01.08.1993;0,05;1286,78;459,24;12,52;20,05;20,99;0,03;145,10;0,03;2255,15;2237,95
01.09.1993;0,05;1297,52;463,90;12,54;20,41;21,11;0,03;145,70;0,03;2283,17;2265,70
01.10.1993;0,05;1300,40;462,89;12,56;20,90;21,04;0,03;145,80;0,03;2283,35;2265,89
01.11.1993;0,06;1267,53;465,95;12,58;21,39;21,16;0,03;145,80;0,03;2303,61;2285,97
01.12.1993;0,06;1273,69;472,99;12,62;21,89;21,41;0,03;146,20;0,03;2343,62;2325,59
01.01.1994;0,06;1292,29;471,58;12,67;22,16;21,26;0,03;146,70;0,03;2341,86;2323,86
01.02.1994;0,06;1255,73;463,81;12,71;22,43;20,83;0,03;147,20;0,03;2308,54;2290,88
01.03.1994;0,07;1206,58;447,23;12,75;22,71;20,06;0,04;147,40;0,03;2231,30;2214,43
01.04.1994;0,07;1188,74;450,90;12,80;23,54;20,20;0,04;147,50;0,03;2254,93;2237,84
01.05.1994;0,07;1186,56;454,83;12,84;24,37;20,29;0,04;148,00;0,03;2279,94;2262,61
01.06.1994;0,07;1179,62;451,40;12,87;25,20;20,07;0,04;148,40;0,03;2268,12;2250,92
01.07.1994;0,07;1205,07;464,24;12,90;25,91;20,54;0,04;149,00;0,03;2338,04;2320,16
01.08.1994;0,07;1206,31;466,96;12,92;26,62;20,58;0,04;149,40;0,03;2357,16;2339,10
01.09.1994;0,08;1177,89;463,81;13,01;27,33;20,40;0,05;149,50;0,03;2346,73;2328,80
01.10.1994;0,08;1170,12;461,01;13,10;28,42;20,21;0,05;149,70;0,03;2338,09;2320,25
01.11.1994;0,08;1169,80;455,19;13,17;29,51;19,91;0,05;149,70;0,03;2314,14;2296,55
01.12.1994;0,08;1183,08;465,25;13,18;30,60;20,22;0,06;150,30;0,03;2370,86;2352,73
01.01.1995;0,08;1210,34;481,92;13,18;31,25;20,80;0,06;150,90;0,03;2461,41;2442,39
01.02.1995;0,07;1250,18;493,15;13,17;31,90;21,15;0,06;151,40;0,03;2524,37;2504,74
01.03.1995;0,07;1259,45;507,91;13,24;32,55;21,64;0,06;151,90;0,03;2605,58;2585,15
01.04.1995;0,07;1278,54;523,81;13,31;33,18;22,20;0,06;152,20;0,03;2692,83;2671,55
01.05.1995;0,06;1357,86;539,35;13,36;33,80;22,72;0,06;152,50;0,02;2778,44;2756,32
01.06.1995;0,06;1373,94;557,37;13,44;34,43;23,38;0,05;152,50;0,02;2877,04;2853,95
01.07.1995;0,06;1357,17;559,11;13,51;34,68;23,28;0,05;152,90;0,02;2891,84;2868,61
01.08.1995;0,06;1381,30;578,77;13,58;34,93;23,95;0,05;153,20;0,02;2999,37;2975,08
01.09.1995;0,06;1399,68;582,92;13,65;35,18;23,93;0,05;153,70;0,02;3026,78;3002,22
01.10.1995;0,06;1421,34;595,53;13,72;34,77;24,35;0,05;153,60;0,02;3098,19;3072,93
01.11.1995;0,06;1457,17;614,57;13,79;34,37;25,03;0,05;153,50;0,02;3203,22;3176,92
01.12.1995;0,06;1483,94;614,42;13,89;33,96;24,76;0,05;154,40;0,02;3208,47;3182,13
01.01.1996;0,06;1488,60;649,54;14,00;33,99;25,98;0,05;154,90;0,02;3397,96;3369,74
01.02.1996;0,06;1437,57;647,07;14,10;34,01;25,63;0,05;155,70;0,02;3391,19;3363,04
01.03.1996;0,06;1422,94;647,17;14,16;34,04;25,42;0,05;156,30;0,02;3397,89;3369,69
01.04.1996;0,07;1397,79;661,23;14,21;34,33;25,81;0,05;156,60;0,02;3477,93;3448,94
01.05.1996;0,07;1386,66;668,50;14,27;34,62;25,97;0,05;156,70;0,02;3522,42;3492,99
01.06.1996;0,07;1406,47;644,07;14,40;34,91;24,86;0,05;157,00;0,02;3400,02;3371,85
01.07.1996;0,07;1407,34;662,68;14,53;35,27;25,41;0,05;157,30;0,02;3504,66;3475,44
01.08.1996;0,07;1399,38;674,88;14,66;35,64;25,68;0,05;157,80;0,02;3575,64;3545,71
01.09.1996;0,07;1431,52;701,46;14,74;36,00;26,48;0,05;158,30;0,02;3722,97;3691,57
01.10.1996;0,06;1475,96;735,67;14,82;36,91;27,59;0,05;158,60;0,02;3911,09;3877,80
01.11.1996;0,06;1517,53;743,25;14,90;37,82;27,72;0,05;158,60;0,02;3957,99;3924,24
01.12.1996;0,06;1484,49;766,22;14,95;38,73;28,33;0,05;159,10;0,02;4086,95;4051,90
01.01.1997;0,07;1481,73;798,39;15,01;39,23;29,27;0,05;159,60;0,02;4265,21;4228,36
01.02.1997;0,07;1486,59;792,16;15,06;39,74;28,80;0,05;160,00;0,02;4238,64;4202,07
01.03.1997;0,07;1456,77;763,93;15,09;40,24;27,59;0,05;160,20;0,02;4094,31;4059,24
01.04.1997;0,07;1486,02;833,09;15,13;40,34;29,93;0,05;160,10;0,02;4471,74;4432,87
01.05.1997;0,07;1499,67;876,29;15,16;40,45;31,26;0,05;160,30;0,02;4710,40;4669,13
01.06.1997;0,07;1525,33;925,29;15,22;40,55;32,77;0,05;160,50;0,02;4980,61;4936,61
01.07.1997;0,06;1588,82;927,24;15,27;40,58;32,59;0,05;160,80;0,02;4997,96;4953,79
01.08.1997;0,06;1559,78;937,02;15,33;40,61;32,67;0,05;161,20;0,02;5057,56;5012,80
01.09.1997;0,06;1593,25;951,16;15,39;40,64;32,90;0,05;161,60;0,02;5140,80;5095,20
01.10.1997;0,06;1634,60;938,92;15,44;40,33;32,34;0,05;161,50;0,02;5081,60;5036,62
01.11.1997;0,06;1640,12;962,37;15,50;40,03;33,03;0,05;161,30;0,02;5215,51;5169,17
01.12.1997;0,06;1661,62;963,36;15,55;39,72;32,86;0,05;161,60;0,02;5227,90;5181,44
01.01.1998;0,06;1697,21;1023,74;15,60;39,66;34,71;0,05;161,90;0,02;5562,62;5512,77
01.02.1998;0,06;1693,53;1076,83;15,64;39,60;36,30;0,05;162,20;0,01;5858,17;5805,33
01.03.1998;0,06;1695,11;1112,20;15,75;39,54;37,28;0,05;162,50;0,01;6057,73;6002,87
01.04.1998;0,06;1701,85;1108,42;15,85;39,35;36,96;0,05;162,80;0,01;6044,34;5989,62
01.05.1998;0,06;1725,31;1108,39;15,95;39,16;36,80;0,05;163,00;0,01;6051,42;5996,64
01.06.1998;0,05;1749,01;1156,58;16,02;38,97;38,26;0,05;163,20;0,01;6321,81;6264,28
01.07.1998;0,06;1749,00;1074,62;16,08;38,68;35,42;0,05;163,40;0,01;5881,14;5828,18
01.08.1998;0,05;1817,83;1020,64;16,14;38,38;33,53;0,05;163,60;0,02;5593,09;5543,10
01.09.1998;0,04;1913,65;1032,47;16,17;38,09;33,77;0,05;164,00;0,02;5665,30;5614,58
01.10.1998;0,05;1890,58;1144,43;16,18;37,96;37,37;0,04;164,00;0,01;6287,03;6230,04
01.11.1998;0,05;1883,07;1190,05;16,20;37,84;38,82;0,04;163,90;0,01;6545,07;6485,45
01.12.1998;0,05;1903,85;1248,77;16,28;37,71;40,58;0,04;164,30;0,01;6875,48;6812,50
01.01.1999;0,05;1909,73;1246,58;16,37;37,93;40,40;0,04;164,50;0,01;6870,93;6808,01
01.02.1999;0,05;1825,23;1281,66;16,45;38,16;41,36;0,04;165,00;0,01;7071,84;7006,88
01.03.1999;0,05;1838,86;1334,76;16,45;38,38;42,70;0,04;166,20;0,01;7372,40;7304,37
01.04.1999;0,05;1831,51;1332,07;16,45;39,26;42,56;0,04;166,20;0,01;7365,11;7297,17
01.05.1999;0,06;1801,14;1322,55;16,45;40,14;42,18;0,05;166,20;0,01;7320,06;7252,58
01.06.1999;0,06;1786,77;1380,99;16,51;41,02;43,83;0,05;166,70;0,01;7651,13;7580,28
01.07.1999;0,06;1780,83;1327,49;16,58;42,00;41,93;0,05;167,10;0,01;7362,37;7294,51
01.08.1999;0,06;1781,71;1318,17;16,64;42,98;41,32;0,05;167,90;0,01;7318,37;7250,97
01.09.1999;0,06;1801,18;1300,01;16,66;43,96;40,55;0,05;168,20;0,01;7225,26;7158,81
01.10.1999;0,06;1794,07;1391,00;16,67;45,36;43,21;0,05;168,30;0,01;7738,69;7667,02
01.11.1999;0,06;1782,02;1428,68;16,69;46,77;44,20;0,05;168,30;0,01;7956,05;7882,17
01.12.1999;0,06;1756,35;1425,59;16,71;48,17;43,77;0,05;168,80;0,01;7946,60;7872,83
01.01.2000;0,07;1736,84;1388,87;16,74;49,10;42,19;0,05;169,80;0,01;7749,69;7677,95
01.02.2000;0,06;1779,26;1442,21;16,76;50,02;43,22;0,06;171,20;0,01;8055,11;7980,26
01.03.2000;0,06;1840,01;1461,36;16,74;50,95;43,53;0,06;171,30;0,01;8169,86;8093,84
01.04.2000;0,06;1822,33;1418,48;16,72;51,27;41,97;0,06;171,50;0,01;7937,93;7864,29
01.05.2000;0,06;1823,81;1461,96;16,70;51,60;42,78;0,06;172,40;0,01;8189,03;8112,84
01.06.2000;0,06;1868,38;1473,00;16,58;51,92;42,76;0,06;172,80;0,01;8258,61;8181,72
01.07.2000;0,06;1876,39;1485,46;16,47;52,51;42,87;0,06;172,80;0,01;8336,17;8258,48
01.08.2000;0,06;1929,38;1468,05;16,35;53,11;41,90;0,06;173,70;0,01;8246,11;8169,36
01.09.2000;0,06;1928,52;1390,14;16,32;53,70;39,37;0,06;174,00;0,01;7816,13;7743,80
01.10.2000;0,06;1942,16;1378,04;16,30;52,47;38,78;0,06;174,10;0,01;7755,73;7684,03
01.11.2000;0,05;1994,15;1330,93;16,27;51,23;37,27;0,06;174,00;0,01;7498,22;7429,17
01.12.2000;0,05;2058,54;1335,63;16,17;50,00;36,98;0,06;175,10;0,01;7532,29;7462,90
01.01.2001;0,05;2056,26;1305,75;16,07;48,48;35,83;0,05;175,80;0,01;7371,34;7303,60
01.02.2001;0,05;2108,31;1185,85;15,97;46,96;32,33;0,05;176,20;0,01;6701,98;6641,14
01.03.2001;0,05;2115,32;1189,84;15,88;45,44;32,17;0,04;176,90;0,01;6732,01;6670,87
01.04.2001;0,05;2056,32;1270,37;15,78;42,56;34,07;0,04;177,70;0,01;7195,08;7129,27
01.05.2001;0,05;2053,01;1238,71;15,69;39,67;33,07;0,04;178,00;0,01;7023,17;6959,12
01.06.2001;0,05;2063,85;1204,45;15,71;36,79;32,16;0,03;177,50;0,01;6836,34;6774,21
01.07.2001;0,05;2128,93;1178,50;15,72;33,96;31,40;0,04;177,50;0,01;6696,49;6635,79
01.08.2001;0,05;2174,46;1044,64;15,74;31,14;27,67;0,03;178,30;0,02;5943,32;5890,40
01.09.2001;0,05;2226,14;1076,59;15,74;28,31;28,58;0,03;177,70;0,01;6132,56;6077,73
01.10.2001;0,04;2288,14;1129,68;15,74;27,10;30,01;0,02;177,40;0,01;6442,45;6384,50
01.11.2001;0,05;2210,39;1144,93;15,74;25,90;30,50;0,02;176,70;0,01;6536,90;6478,00
01.12.2001;0,05;2169,72;1140,21;15,74;24,69;30,28;0,02;177,10;0,01;6517,44;6458,74
01.01.2002;0,05;2178,89;1100,67;15,73;24,69;29,09;0,02;177,80;0,01;6298,92;6242,46
01.02.2002;0,05;2220,33;1153,79;15,73;24,70;30,29;0,02;178,80;0,01;6610,42;6550,83
01.03.2002;0,05;2138,31;1111,93;15,83;24,70;29,01;0,02;179,80;0,01;6378,15;6320,93
01.04.2002;0,05;2199,04;1079,25;15,94;25,38;28,13;0,02;179,80;0,01;6198,31;6142,94
01.05.2002;0,05;2213,50;1014,02;16,04;26,06;26,39;0,02;179,90;0,02;5831,36;5779,75
01.06.2002;0,05;2260,83;903,59;15,96;26,74;23,46;0,02;180,10;0,02;5203,95;5158,83
01.07.2002;0,05;2332,70;912,55;15,88;27,84;23,59;0,02;180,70;0,02;5263,18;5217,46
01.08.2002;0,04;2411,08;867,81;15,80;28,94;22,37;0,02;181,00;0,02;5012,73;4969,58
01.09.2002;0,04;2521,04;854,63;15,89;30,04;21,96;0,02;181,30;0,02;4944,25;4901,80
01.10.2002;0,04;2467,05;909,93;15,98;29,22;23,35;0,02;181,30;0,02;5271,88;5226,16
01.11.2002;0,04;2417,64;899,18;16,07;28,41;23,10;0,01;180,90;0,02;5217,35;5172,20
01.12.2002;0,04;2503,33;895,84;16,12;27,59;22,90;0,01;181,70;0,02;5205,77;5160,74
01.01.2003;0,04;2476,76;837,03;16,17;28,50;21,21;0,01;183,10;0,02;4871,85;4830,26
01.02.2003;0,04;2544,16;846,63;16,22;29,41;21,31;0,01;184,20;0,02;4935,59;4893,37
01.03.2003;0,04;2527,03;890,03;16,20;30,32;22,43;0,01;183,80;0,02;5196,48;5151,64
01.04.2003;0,04;2522,72;935,96;16,19;31,73;23,59;0,01;183,50;0,02;5472,51;5424,91
01.05.2003;0,03;2640,71;988,00;16,17;33,14;24,83;0,01;183,70;0,02;5784,67;5733,94
01.06.2003;0,04;2610,85;992,54;16,31;34,55;24,87;0,01;183,90;0,02;5819,21;5768,14
01.07.2003;0,04;2421,80;989,53;16,45;35,89;24,64;0,01;184,60;0,02;5809,60;5758,64
01.08.2003;0,04;2438,56;1019,44;16,59;37,24;25,24;0,01;185,20;0,02;5993,32;5940,51
01.09.2003;0,04;2544,82;1038,73;16,86;38,58;25,68;0,01;185,00;0,02;6114,98;6060,95
01.10.2003;0,04;2477,95;1049,90;17,12;41,97;25,95;0,01;184,50;0,02;6189,14;6134,36
01.11.2003;0,04;2484,91;1080,64;17,39;45,35;26,64;0,01;184,30;0,02;6378,90;6322,20
01.12.2003;0,04;2507,84;1132,52;17,60;48,74;27,66;0,01;185,20;0,02;6693,79;6633,90
01.01.2004;0,04;2539,00;1143,36;17,81;49,83;27,65;0,01;186,20;0,02;6766,64;6706,01
01.02.2004;0,04;2582,86;1123,98;18,02;50,91;26,89;0,01;187,40;0,02;6660,83;6601,31
01.03.2004;0,04;2618,90;1133,36;18,21;52,00;26,90;0,01;188,00;0,02;6725,41;6665,24
01.04.2004;0,05;2488,40;1102,78;18,41;53,38;25,90;0,01;189,10;0,02;6553,05;6494,67
01.05.2004;0,05;2472,33;1132,76;18,60;54,77;26,40;0,01;189,70;0,02;6740,41;6680,12
01.06.2004;0,05;2489,73;1105,85;18,79;56,15;25,70;0,01;189,40;0,02;6589,60;6530,88
01.07.2004;0,05;2523,01;1088,94;18,97;56,69;25,17;0,01;189,50;0,02;6498,26;6440,50
01.08.2004;0,04;2607,80;1117,66;19,16;57,23;25,67;0,01;189,90;0,02;6679,17;6619,56
01.09.2004;0,04;2614,67;1117,21;19,25;57,77;25,41;0,02;190,90;0,02;6686,07;6626,40
01.10.2004;0,04;2642,76;1168,94;19,35;58,03;26,47;0,02;191,00;0,02;7005,30;6942,36
01.11.2004;0,04;2586,28;1199,21;19,44;58,29;27,14;0,02;190,30;0,02;7196,42;7131,52
01.12.2004;0,04;2620,59;1181,41;19,70;58,55;26,59;0,02;190,70;0,02;7099,45;7035,57
01.01.2005;0,04;2650,99;1199,63;19,97;59,11;26,74;0,02;191,80;0,02;7218,94;7153,84
01.02.2005;0,04;2613,59;1194,90;20,23;59,66;26,34;0,03;193,30;0,02;7200,62;7135,72
01.03.2005;0,05;2594,07;1164,43;20,46;60,22;25,41;0,03;194,60;0,02;7027,28;6964,21
01.04.2005;0,04;2664,27;1178,28;20,70;61,23;25,65;0,03;194,40;0,02;7121,28;7057,24
01.05.2005;0,04;2719,05;1202,25;20,93;62,25;26,07;0,03;194,50;0,02;7276,69;7211,04
01.06.2005;0,04;2741,40;1222,24;21,11;63,26;26,29;0,03;195,40;0,02;7408,32;7341,32
01.07.2005;0,04;2675,72;1224,27;21,29;64,33;26,10;0,03;196,40;0,02;7431,38;7364,15
01.08.2005;0,04;2741,70;1225,92;21,47;65,40;25,73;0,03;198,80;0,02;7452,26;7384,83
01.09.2005;0,04;2680,79;1191,96;21,72;66,47;24,88;0,03;199,20;0,02;7256,82;7191,47
01.10.2005;0,05;2641,76;1237,37;21,97;67,59;25,93;0,04;197,60;0,02;7544,43;7476,08
01.11.2005;0,04;2668,59;1262,07;22,22;68,71;26,44;0,04;196,80;0,02;7706,32;7636,29
01.12.2005;0,04;2699,84;1278,73;22,41;69,83;26,47;0,04;198,30;0,02;7819,45;7748,24
01.01.2006;0,05;2679,79;1276,65;22,59;70,78;26,25;0,04;198,70;0,02;7818,24;7747,06
01.02.2006;0,05;2685,67;1293,74;22,78;71,72;26,33;0,04;199,80;0,02;7934,53;7862,14
01.03.2006;0,05;2630,95;1302,17;23,00;72,67;26,15;0,05;201,50;0,02;7997,98;7924,94
01.04.2006;0,05;2598,96;1290,01;23,22;73,28;25,65;0,05;202,50;0,02;7935,18;7862,82
01.05.2006;0,05;2599,93;1253,17;23,44;73,88;24,75;0,05;202,90;0,02;7720,59;7650,53
01.06.2006;0,05;2605,03;1260,24;23,66;74,49;24,70;0,05;203,50;0,02;7776,29;7705,66
01.07.2006;0,05;2648,50;1287,15;23,88;75,85;25,05;0,05;203,90;0,02;7954,62;7882,12
01.08.2006;0,05;2711,42;1317,74;24,10;77,21;25,64;0,05;202,90;0,02;8156,07;8081,45
01.09.2006;0,05;2743,49;1363,38;24,36;78,57;26,54;0,05;201,80;0,02;8451,13;8373,39
01.10.2006;0,05;2760,59;1388,64;24,62;79,55;26,93;0,05;201,50;0,02;8620,42;8540,90
01.11.2006;0,04;2804,09;1416,42;24,88;80,53;27,28;0,05;201,80;0,02;8805,75;8724,26
01.12.2006;0,05;2759,48;1424,16;25,08;81,51;27,21;0,05;202,42;0,02;8866,86;8784,74
01.01.2007;0,05;2744,46;1444,80;25,29;82,06;27,32;0,05;203,50;0,02;9008,48;8924,87
01.02.2007;0,05;2814,09;1406,95;25,49;82,60;26,23;0,05;205,35;0,02;8785,73;8704,53
01.03.2007;0,05;2804,84;1463,64;25,72;83,15;26,98;0,05;206,69;0,02;9153,11;9068,01
01.04.2007;0,05;2820,13;1511,14;25,94;83,74;27,55;0,05;207,95;0,02;9463,68;9375,27
01.05.2007;0,05;2771,77;1514,19;26,17;84,33;27,42;0,05;208,35;0,02;9496,44;9407,69
01.06.2007;0,05;2755,22;1520,71;26,44;84,92;27,41;0,05;208,30;0,02;9551,15;9461,83
01.07.2007;0,05;2820,67;1454,62;26,71;82,81;26,15;0,05;207,92;0,02;9150,04;9065,10
01.08.2007;0,05;2885,48;1497,12;26,98;80,71;26,73;0,04;208,49;0,02;9431,52;9343,57
01.09.2007;0,05;2885,00;1539,66;27,23;78,60;27,32;0,04;208,94;0,02;9713,81;9622,84
01.10.2007;0,04;2921,23;1463,39;27,48;74,46;25,73;0,04;210,18;0,02;9247,06;9161,21
01.11.2007;0,04;3053,28;1479,22;27,73;70,32;25,96;0,03;210,04;0,02;9361,69;9274,62
01.12.2007;0,04;3046,06;1378,76;27,92;66,18;24,02;0,03;211,08;0,02;8740,63;8660,39
01.01.2008;0,04;3149,30;1354,87;28,11;64,25;23,50;0,03;211,69;0,02;8604,03;8525,31
01.02.2008;0,04;3195,55;1316,94;28,30;62,32;22,61;0,02;213,53;0,02;8378,13;8301,90
01.03.2008;0,03;3226,26;1370,47;28,44;60,39;23,36;0,01;214,82;0,02;8733,76;8653,71
01.04.2008;0,04;3150,78;1403,22;28,57;57,38;23,70;0,01;216,63;0,02;8957,64;8875,19
01.05.2008;0,04;3086,69;1341,25;28,71;54,38;22,42;0,02;218,82;0,02;8577,32;8499,07
01.06.2008;0,04;3114,69;1257,33;28,76;51,37;20,91;0,02;219,96;0,02;8055,97;7983,49
01.07.2008;0,04;3125,05;1281,47;28,80;49,56;21,40;0,02;219,09;0,02;8226,02;8151,73
01.08.2008;0,04;3176,37;1216,95;28,85;47,76;20,36;0,02;218,78;0,02;7827,29;7757,40
01.09.2008;0,04;3181,31;968,80;28,70;45,95;16,39;0,01;216,57;0,03;6246,60;6194,73
01.10.2008;0,04;3150,21;883,04;28,54;35,59;15,26;0,01;212,43;0,03;5708,97;5663,05
01.11.2008;0,03;3451,69;877,56;28,39;25,24;15,38;0,00;210,23;0,03;5688,84;5643,17
01.12.2008;0,02;3667,70;865,58;28,01;14,88;15,17;0,00;211,14;0,03;5626,31;5581,35
01.01.2009;0,03;3479,53;805,23;27,64;12,21;14,12;0,00;212,19;0,03;5249,00;5208,17
01.02.2009;0,03;3443,42;757,13;27,26;9,53;13,32;0,00;212,71;0,04;4950,26;4912,69
01.03.2009;0,03;3544,36;848,15;26,70;6,86;14,98;0,00;213,24;0,03;5559,92;5516,17
01.04.2009;0,03;3417,49;902,41;26,15;7,08;16,00;0,00;213,86;0,03;5929,90;5882,38
01.05.2009;0,03;3338,24;926,12;25,59;7,29;16,38;0,00;215,69;0,03;6099,71;6050,48
01.06.2009;0,04;3331,26;935,82;25,03;7,51;16,69;0,00;215,35;0,03;6177,34;6127,34
01.07.2009;0,04;3343,82;1009,73;24,46;9,19;18,09;0,00;215,83;0,02;6678,67;6623,64
01.08.2009;0,03;3387,17;1044,55;23,90;10,86;18,83;0,00;215,97;0,02;6922,16;6864,68
01.09.2009;0,03;3422,36;1067,66;23,40;12,54;19,36;0,00;216,18;0,02;7088,23;7029,10
01.10.2009;0,03;3403,21;1088,07;22,91;25,35;19,81;0,00;216,33;0,02;7236,40;7175,80
01.11.2009;0,03;3470,30;1110,38;22,41;38,16;20,32;0,00;215,95;0,02;7397,20;7335,00
01.12.2009;0,04;3297,93;1123,58;22,24;50,97;20,53;0,00;216,69;0,02;7497,48;7434,30
01.01.2010;0,04;3368,48;1089,16;22,07;54,29;19,92;0,00;216,74;0,02;7280,08;7219,11
01.02.2010;0,04;3384,25;1152,05;21,90;57,61;21,00;0,00;217,63;0,02;7712,64;7647,39
01.03.2010;0,04;3330,74;1197,32;21,95;60,93;21,80;0,00;218,01;0,02;8027,95;7959,58
01.04.2010;0,04;3382,57;1125,06;21,99;62,99;20,48;0,00;218,18;0,02;7555,74;7492,17
01.05.2010;0,03;3500,88;1083,36;22,04;65,04;19,74;0,00;217,97;0,02;7288,03;7227,18
01.06.2010;0,03;3612,14;1079,80;22,14;67,10;19,67;0,00;218,01;0,02;7276,49;7215,78
01.07.2010;0,03;3630,34;1087,28;22,25;68,69;19,77;0,00;218,31;0,02;7339,39;7278,07
01.08.2010;0,02;3788,50;1122,08;22,35;70,27;20,38;0,00;218,44;0,02;7586,87;7523,09
01.09.2010;0,03;3776,47;1171,58;22,48;71,86;21,24;0,00;218,71;0,02;7934,23;7867,00
01.10.2010;0,03;3751,65;1198,89;22,60;73,69;21,70;0,00;218,80;0,02;8131,93;8062,74
01.11.2010;0,03;3701,78;1241,53;22,73;75,52;22,40;0,00;219,18;0,02;8434,00;8361,80
01.12.2010;0,03;3558,10;1282,62;22,96;77,35;22,98;0,00;220,22;0,02;8726,14;8651,02
01.01.2011;0,03;3532,23;1321,12;23,20;78,67;23,49;0,00;221,31;0,02;9001,22;8923,36
01.02.2011;0,03;3542,30;1304,49;23,43;79,99;22,90;0,00;223,47;0,02;8901,21;8824,39
01.03.2011;0,03;3537,64;1331,51;23,73;81,31;23,14;0,00;224,91;0,02;9099,08;9020,28
01.04.2011;0,03;3592,40;1338,31;24,04;82,16;23,06;0,00;225,96;0,02;9159,24;9079,84
01.05.2011;0,03;3684,80;1287,29;24,34;83,02;22,10;0,00;225,72;0,02;8823,95;8748,00
01.06.2011;0,03;3653,70;1325,19;24,62;83,87;22,61;0,00;225,92;0,02;9097,80;9019,10
01.07.2011;0,03;3776,48;1185,31;24,90;84,91;20,05;0,00;226,55;0,02;8151,73;8082,88
01.08.2011;0,02;3982,60;1173,88;25,18;85,94;19,70;0,00;226,89;0,02;8087,55;8019,39
01.09.2011;0,02;4101,00;1207,22;25,60;86,98;20,16;0,00;226,42;0,02;8331,95;8261,32
01.10.2011;0,02;4016,53;1226,42;26,01;86,97;20,35;0,00;226,23;0,02;8479,42;8407,31
01.11.2011;0,02;4056,03;1243,32;26,43;86,96;20,52;0,00;225,67;0,02;8611,50;8538,06
01.12.2011;0,02;4132,45;1300,58;26,74;86,95;21,21;0,00;226,67;0,02;9023,53;8945,90
01.01.2012;0,02;4161,36;1352,49;27,04;87,48;21,80;0,00;227,66;0,02;9399,32;9317,86
01.02.2012;0,02;4111,75;1389,24;27,35;88,01;22,05;0,00;229,39;0,02;9670,56;9586,33
01.03.2012;0,02;4027,53;1386,43;27,67;88,54;21,78;0,00;230,09;0,02;9667,05;9582,89
01.04.2012;0,02;4136,26;1341,27;28,00;88,33;20,94;0,00;229,82;0,02;9368,43;9287,41
01.05.2012;0,02;4279,09;1323,48;28,32;88,13;20,55;0,00;229,48;0,02;9260,66;9180,79
01.06.2012;0,02;4253,59;1359,78;28,74;87,92;21,00;0,00;229,10;0,02;9531,42;9448,77
01.07.2012;0,02;4321,97;1403,45;29,17;87,45;21,41;0,00;230,38;0,02;9854,56;9768,59
01.08.2012;0,02;4303,69;1443,42;29,59;86,97;21,78;0,00;231,41;0,02;10152,53;10063,48
01.09.2012;0,02;4277,94;1437,82;30,14;86,50;21,58;0,00;231,32;0,02;10130,81;10042,02
01.10.2012;0,02;4256,63;1394,51;30,70;86,50;20,90;0,00;230,22;0,02;9843,67;9757,96
01.11.2012;0,02;4301,58;1422,29;31,25;86,51;21,24;0,00;229,60;0,02;10058,15;9970,21
01.12.2012;0,02;4245,07;1480,40;31,54;86,51;21,90;0,00;230,28;0,02;10487,68;10395,26
01.01.2013;0,02;4160,23;1512,31;31,82;86,91;22,05;0,00;232,17;0,02;10732,53;10637,56
01.02.2013;0,02;4215,93;1550,83;32,11;87,30;22,42;0,00;232,77;0,02;11024,88;10926,86
01.03.2013;0,02;4230,17;1570,70;32,50;87,70;22,60;0,00;232,53;0,02;11185,39;11085,70
01.04.2013;0,02;4302,13;1639,84;32,88;88,78;23,41;0,00;232,95;0,02;11697,27;11592,20
01.05.2013;0,02;4132,42;1618,77;33,27;89,87;22,93;0,00;233,50;0,02;11566,75;11463,11
01.06.2013;0,03;4010,04;1668,68;33,65;90,95;23,49;0,00;233,60;0,02;11943,41;11835,80
01.07.2013;0,03;3990,58;1670,09;34,02;92,09;23,36;0,00;233,88;0,02;11973,80;11865,90
01.08.2013;0,03;3937,34;1687,17;34,40;93,23;23,44;0,00;234,15;0,02;12116,81;12007,41
01.09.2013;0,03;3994,28;1720,03;34,60;94,37;23,83;0,00;233,55;0,02;12373,51;12261,40
01.10.2013;0,03;4027,41;1783,54;34,79;96,31;24,64;0,00;233,07;0,02;12851,24;12734,07
01.11.2013;0,03;3973,48;1807,78;34,99;98,26;24,86;0,00;233,05;0,02;13046,91;12927,68
01.12.2013;0,03;3884,57;1822,36;35,40;100,20;24,86;0,00;233,92;0,02;13173,43;13052,87
01.01.2014;0,03;4018,91;1817,04;35,82;100,42;24,59;0,00;234,78;0,02;13156,55;13036,21
01.02.2014;0,03;4031,34;1863,52;36,23;100,63;24,96;0,00;236,29;0,02;13514,95;13390,79
01.03.2014;0,03;4015,90;1864,26;36,61;100,85;24,79;0,00;237,07;0,02;13542,45;13418,03
01.04.2014;0,03;4045,91;1889,77;37,00;101,61;24,94;0,00;237,90;0,02;13750,15;13623,53
01.05.2014;0,02;4122,12;1947,09;37,38;102,36;25,56;0,00;238,34;0,02;14189,89;14058,55
01.06.2014;0,03;4112,67;1973,10;37,75;103,12;25,82;0,00;238,25;0,02;14402,37;14268,76
01.07.2014;0,03;4103,45;1961,53;38,12;104,07;25,62;0,00;237,85;0,02;14341,10;14208,20
01.08.2014;0,02;4195,32;1993,23;38,49;105,01;25,92;0,00;238,03;0,02;14596,31;14460,68
01.09.2014;0,03;4141,30;1937,27;38,81;105,96;25,16;0,00;237,43;0,02;14210,20;14078,83
01.10.2014;0,02;4211,95;2044,57;39,12;104,74;26,61;0,00;236,15;0,02;15021,18;14881,07
01.11.2014;0,02;4283,75;2054,27;39,44;103,53;26,79;0,00;234,81;0,02;15116,59;14975,48
01.12.2014;0,02;4295,33;2028,18;39,90;102,31;26,49;0,00;233,71;0,02;14949,07;14809,83
01.01.2015;0,02;4494,62;2082,20;40,35;101,29;27,00;0,00;234,72;0,02;15372,02;15228,21
01.02.2015;0,02;4372,12;2079,99;40,81;100,27;26,73;0,00;236,12;0,02;15380,81;15236,94
01.03.2015;0,02;4402,97;2094,86;41,12;99,25;26,79;0,00;236,60;0,02;15516,11;15370,80
01.04.2015;0,02;4366,82;2111,94;41,43;97,80;26,81;0,00;237,81;0,02;15668,19;15521,25
01.05.2015;0,02;4347,07;2099,29;41,74;96,36;26,50;0,00;238,64;0,02;15600,15;15454,00
01.06.2015;0,02;4266,77;2094,14;42,00;94,91;26,38;0,00;238,65;0,02;15587,88;15441,91
01.07.2015;0,02;4331,87;2039,87;42,25;93,49;25,69;0,00;238,32;0,02;15210,13;15068,39
01.08.2015;0,02;4335,97;1944,41;42,51;92,08;24,50;0,00;237,95;0,02;14524,76;14390,68
01.09.2015;0,02;4402,02;2024,81;42,80;90,66;25,49;0,00;237,84;0,02;15151,99;15011,08
01.10.2015;0,02;4370,47;2080,62;43,10;89,28;26,23;0,00;237,34;0,02;15596,50;15450,74
01.11.2015;0,02;4358,98;2054,08;43,39;87,91;25,97;0,00;236,53;0,02;15424,66;15280,85
01.12.2015;0,02;4343,90;1918,60;43,55;86,53;24,21;0,00;236,92;0,02;14434,56;14301,89
01.01.2016;0,02;4480,87;1904,42;43,72;86,50;24,00;0,00;237,11;0,02;14355,28;14223,54
01.02.2016;0,02;4569,41;2021,95;43,88;86,47;25,37;0,00;238,13;0,02;15268,77;15127,06
01.03.2016;0,02;4559,49;2075,54;44,07;86,44;25,92;0,00;239,26;0,02;15701,19;15554,76
01.04.2016;0,02;4545,66;2065,55;44,27;86,60;25,69;0,00;240,23;0,02;15653,52;15507,67
01.05.2016;0,02;4548,49;2083,89;44,46;86,76;25,84;0,00;241,02;0,02;15820,59;15672,93
01.06.2016;0,01;4701,72;2148,90;44,65;86,92;26,69;0,00;240,63;0,02;16342,38;16189,01
01.07.2016;0,01;4720,54;2170,95;44,84;87,64;26,95;0,00;240,85;0,02;16538,49;16382,99
01.08.2016;0,02;4674,48;2157,69;45,03;88,37;26,73;0,00;241,43;0,02;16466,06;16311,42
01.09.2016;0,02;4672,09;2143,02;45,25;89,09;26,53;0,00;241,73;0,02;16382,89;16229,22
01.10.2016;0,02;4577,10;2164,99;45,48;90,91;26,85;0,00;241,35;0,02;16579,82;16424,01
01.11.2016;0,02;4370,85;2246,63;45,70;92,73;27,87;0,00;241,43;0,02;17234,19;17071,19
01.12.2016;0,02;4348,87;2275,12;45,93;94,55;28,06;0,01;242,84;0,02;17482,10;17316,39
01.01.2017;0,02;4357,74;2329,91;46,15;96,46;28,66;0,01;243,60;0,02;17932,67;17761,99
01.02.2017;0,02;4401,14;2366,82;46,38;98,38;29,09;0,01;243,80;0,02;18246,50;18072,38
01.03.2017;0,02;4394,34;2359,31;46,66;100,29;28,90;0,01;244,52;0,02;18218,58;18044,82
01.04.2017;0,02;4445,79;2395,35;46,94;101,53;29,31;0,01;244,73;0,02;18527,09;18349,93
01.05.2017;0,02;4485,79;2433,99;47,22;102,78;29,75;0,01;244,96;0,02;18856,39;18675,61
01.06.2017;0,02;4454,50;2454,10;47,54;104,02;30,00;0,01;244,79;0,02;19042,87;18860,05
01.07.2017;0,02;4467,01;2456,22;47,85;105,04;29,91;0,01;245,52;0,02;19090,26;18906,97
01.08.2017;0,02;4547,14;2492,84;48,17;106,06;30,17;0,01;246,82;0,02;19406,08;19219,30
01.09.2017;0,02;4471,06;2557,00;48,42;107,08;30,92;0,01;246,66;0,02;19936,96;19744,29
01.10.2017;0,02;4460,10;2593,61;48,68;108,01;31,30;0,01;246,67;0,02;20254,04;20057,86
01.11.2017;0,02;4453,30;2664,34;48,93;108,95;32,09;0,01;246,52;0,02;20838,23;20635,55
01.12.2017;0,02;4470,10;2789,80;49,29;109,88;33,31;0,01;247,87;0,02;21851,59;21637,63
01.01.2018;0,03;4355,44;2705,16;49,64;111,73;32,04;0,01;248,99;0,02;21221,04;21014,25
01.02.2018;0,03;4309,27;2702,77;50,00;113,59;31,81;0,02;249,55;0,02;21234,98;21028,08
01.03.2018;0,03;4367,94;2653,63;50,33;115,44;30,97;0,02;250,55;0,02;20881,85;20679,00
01.04.2018;0,03;4299,54;2701,49;50,66;117,79;31,24;0,02;251,59;0,02;21291,69;21084,28
01.05.2018;0,03;4354,45;2754,35;50,99;120,13;31,63;0,02;251,99;0,02;21741,79;21529,36
01.06.2018;0,03;4357,24;2793,64;51,44;122,48;31,89;0,02;252,01;0,02;22085,77;21869,50
01.07.2018;0,03;4326,66;2857,82;51,89;125,12;32,39;0,02;252,15;0,02;22627,34;22405,02
01.08.2018;0,03;4374,46;2901,50;52,34;127,75;32,62;0,02;252,44;0,02;23007,72;22781,14
01.09.2018;0,03;4314,23;2785,46;52,81;130,39;31,04;0,02;252,89;0,02;22122,47;21906,05
01.10.2018;0,03;4288,69;2723,23;53,28;131,06;30,20;0,02;252,04;0,02;21663,49;21452,36
01.11.2018;0,03;4351,10;2567,31;53,75;131,72;28,29;0,02;251,23;0,02;20458,77;20261,52
01.12.2018;0,03;4482,50;2607,39;54,15;132,39;28,38;0,02;251,71;0,02;20814,12;20612,90
01.01.2019;0,03;4515,89;2754,86;54,54;133,06;29,54;0,02;252,78;0,02;22027,62;21812,75
01.02.2019;0,03;4486,78;2803,98;54,94;133,72;29,58;0,02;254,20;0,02;22456,99;22237,29
01.03.2019;0,02;4622,96;2903,80;55,32;134,39;30,13;0,02;255,55;0,02;23293,37;23064,23
01.04.2019;0,03;4591,89;2854,71;55,70;134,68;29,24;0,02;256,09;0,02;22936,81;22711,82
01.05.2019;0,02;4752,57;2890,17;56,08;134,98;29,28;0,02;256,14;0,02;23259,27;23030,65
01.06.2019;0,02;4820,63;2996,11;56,46;135,27;29,99;0,02;256,57;0,02;24149,74;23911,04
01.07.2019;0,02;4820,04;2897,50;56,84;134,48;28,71;0,02;256,56;0,02;23393,04;23163,11
01.08.2019;0,02;5058,31;2982,16;57,22;133,69;29,23;0,02;256,76;0,02;24115,03;23876,92
01.09.2019;0,02;4981,78;2977,68;57,56;132,90;28,84;0,02;257,35;0,02;24117,62;23879,54
01.10.2019;0,02;4984,22;3104,90;57,90;135,09;29,84;0,02;257,21;0,02;25187,15;24936,93
01.11.2019;0,02;4950,63;3176,75;58,24;137,28;30,33;0,02;256,97;0,02;25809,33;25552,05
01.12.2019;0,02;4895,66;3278,20;58,69;139,47;30,99;0,02;257,97;0,02;26673,32;26406,21
01.01.2020;0,02;5087,71;3277,31;59,13;131,76;30,73;0,02;258,68;0,02;26706,18;26438,75
01.02.2020;0,01;5275,00;2652,39;59,58;124,04;24,82;0,02;258,12;0,02;21654,29;21446,88
01.03.2020;0,01;5496,91;2761,98;59,61;116,33;25,93;0,00;256,39;0,02;22589,48;22371,52
01.04.2020;0,01;5531,75;2919,62;59,65;110,63;27,33;0,00;256,39;0,02;23919,42;23686,46
01.05.2020;0,01;5529,40;3104,66;59,68;104,93;28,84;0,00;257,80;0,02;25476,19;25225,66
01.06.2020;0,01;5527,09;3207,62;59,40;99,23;29,60;0,00;259,10;0,02;26361,66;26101,13
01.07.2020;0,01;5588,73;3391,71;59,13;98,89;31,16;0,00;259,92;0,02;27915,10;27637,04
01.08.2020;0,01;5500,52;3365,52;58,85;98,56;30,84;0,00;260,28;0,02;27739,88;27463,88
01.09.2020;0,01;5519,61;3418,70;58,66;98,22;31,28;0,00;260,39;0,02;28218,54;27937,16
01.10.2020;0,01;5423,40;3548,99;58,47;96,86;32,47;0,00;260,23;0,02;29334,20;29040,23
01.11.2020;0,01;5447,98;3695,31;58,28;95,49;33,77;0,00;260,47;0,02;30583,73;30275,67
01.12.2020;0,01;5405,45;3793,75;58,06;94,13;34,51;0,00;261,58;0,02;31438,49;31120,79
01.01.2021;0,01;5318,51;3883,43;57,85;105,49;35,10;0,00;263,01;0,01;32221,64;31895,11
01.02.2021;0,01;5161,78;3910,51;57,63;116,84;35,04;0,00;264,88;0,01;32486,15;32156,66
01.03.2021;0,02;5027,49;4141,18;57,71;128,20;36,72;0,00;267,05;0,01;34442,35;34090,82
01.04.2021;0,02;5076,01;4167,85;57,79;138,39;36,55;0,00;269,20;0,01;34704,25;34349,79
01.05.2021;0,02;5115,49;4238,49;57,87;148,57;36,70;0,00;271,70;0,01;35332,59;34971,06
01.06.2021;0,01;5183,44;4363,71;58,33;158,76;37,44;0,00;273,00;0,01;36416,99;36043,21
01.07.2021;0,01;5290,98;4454,21;58,79;164,32;37,97;0,00;273,57;0,01;37213,08;36830,31
01.08.2021;0,01;5267,00;4445,54;59,25;169,87;37,62;0,00;274,31;0,01;37181,96;36799,58
01.09.2021;0,02;5166,42;4460,71;59,64;175,43;37,25;0,00;276,59;0,01;37350,35;36966,11
01.10.2021;0,02;5158,76;4667,39;60,02;182,91;38,58;0,00;277,95;0,01;39122,80;38718,48
01.11.2021;0,01;5222,47;4674,77;60,40;190,39;38,30;0,00;278,80;0,01;39226,90;38821,44
01.12.2021;0,02;5185,58;4573,82;60,92;197,87;36,94;0,00;281,15;0,01;38422,35;38026,13
01.01.2022;0,02;5065,45;4435,98;61,45;197,88;35,29;0,00;283,72;0,01;37307,48;36924,09
01.02.2022;0,02;5054,70;4391,27;61,97;197,90;34,27;0,00;287,50;0,01;36974,84;36595,31
01.03.2022;0,02;4844,13;4391,30;62,65;197,91;33,89;0,00;289,11;0,01;37019,07;36639,08
01.04.2022;0,03;4616,89;4040,36;63,34;196,03;30,67;0,01;292,30;0,02;34105,14;33758,88
01.05.2022;0,03;4643,87;3898,95;64,02;194,14;29,05;0,01;296,31;0,02;32956,48;32623,51
01.06.2022;0,03;4603,39;3911,73;64,45;192,26;29,00;0,01;296,28;0,02;33109,93;32775,26
01.07.2022;0,03;4738,44;4158,56;64,89;190,58;30,70;0,02;296,17;0,02;35244,96;34886,02
01.08.2022;0,03;4556,55;3850,52;65,32;188,91;28,23;0,03;296,81;0,02;32680,35;32351,18
01.09.2022;0,04;4314,85;3726,05;65,85;187,23;27,08;0,03;298,01;0,02;31670,52;31353,06
01.10.2022;0,04;4234,47;3917,49;66,39;182,40;28,38;0,04;297,71;0,02;33344,72;33008,20
01.11.2022;0,04;4395,59;3912,38;66,92;177,58;28,32;0,04;296,80;0,02;33348,71;33012,21
01.12.2022;0,04;4337,28;3960,66;67,35;172,75;28,33;0,04;299,17;0,02;33808,05;33466,34
01.01.2023;0,04;4481,05;4079,68;67,78;173,56;28,92;0,05;300,84;0,02;34872,28;34518,42
01.02.2023;0,04;4348,09;3968,56;68,21;174,36;27,94;0,05;301,84;0,02;33970,99;33627,63
01.03.2023;0,03;4521,58;4121,47;68,38;175,17;28,76;0,05;303,36;0,02;35328,66;34969,79
01.04.2023;0,03;4549,79;4146,17;68,54;177,12;28,76;0,05;304,13;0,02;35589,40;35227,59
01.05.2023;0,04;4487,65;4345,37;68,71;179,06;29,94;0,05;305,11;0,02;37348,42;36966,49
01.06.2023;0,04;4438,75;4508,08;68,91;181,01;30,89;0,05;305,69;0,02;38796,20;38397,70
01.07.2023;0,04;4395,09;4457,36;69,11;182,09;30,30;0,05;307,03;0,02;38409,30;38015,33
01.08.2023;0,04;4366,98;4409,10;69,31;183,17;29,80;0,05;307,79;0,02;38043,18;37653,51
01.09.2023;0,05;4209,48;4269,40;69,64;184,25;28,77;0,05;307,67;0,02;36887,93;36511,71
01.10.2023;0,05;4130,51;4460,06;69,97;186,98;30,01;0,05;307,05;0,02;38585,65;38189,98
01.11.2023;0,04;4315,37;4685,05;70,30;189,70;31,45;0,05;306,75;0,02;40582,79;40164,24
01.12.2023;0,04;4503,77;4815,61;70,48;192,43;32,05;0,05;308,42;0,01;41764,62;41332,51
01.01.2024;0,04;4478,09;5011,96;70,65;192,08;33,04;0,05;310,33;0,01;43518,55;43066,32
01.02.2024;0,04;4399,56;5170,57;70,82;191,74;33,75;0,05;312,33;0,01;44947,01;44478,38
01.03.2024;0,04;4432,83;5112,49;71,21;191,39;33,14;0,05;313,55;0,01;44493,71;44030,39
01.04.2024;0,05;4277,66;5235,23;71,59;191,39;33,84;0,05;314,07;0,01;45613,77;45137,58
01.05.2024;0,05;4355,40;5415,14;71,98;191,39;34,96;0,05;314,18;0,01;47233,60;46738,78
01.06.2024;0,04;4423,92;5538,00;71,98;191,39;35,71;0,05;314,23;0,01;48357,60;47849,86
01.07.2024;0,04;4536,57;5446,68;71,98;191,39;35,08;0,05;314,25;0,01;47612,54;47113,48
