100.00, 95.61, 99.68, 101.22, 108.93, 103.93, 95.07, 117.13, 107.72, 122.35, 132.78, 149.45, 150.10, 158.96, 168.02, 155.70, 164.01, 158.42, 192.05, 194.46, 156.65, 181.19, 194.87, 212.00, 168.07, 177.99, 228.62, 246.72, 274.21, 242.01, 238.17, 212.51, 201.78, 224.43, 221.48, 223.80, 237.01, 218.16, 228.93, 255.33, 268.36, 245.65, 285.28, 243.67, 225.38, 186.07, 182.56, 216.49, 264.96, 343.65, 347.39
100.00, 95.99, 117.66, 121.28, 136.59, 196.60, 216.11, 229.06, 276.55, 235.13, 215.70, 236.39, 279.76, 258.37, 293.89, 420.22, 421.52, 463.47, 543.10, 714.74, 717.54, 952.80, 993.90, 1287.91, 1236.71, 1136.31, 1101.98, 1143.81, 1069.75, 1294.04, 1199.33, 877.74, 890.55, 932.37, 843.67, 863.72, 979.79, 977.57, 946.33, 805.47, 718.83, 521.69, 662.54, 624.97, 696.90, 736.21, 778.71, 757.13, 674.98, 508.39, 530.23
100.00, 131.17, 129.90, 147.52, 140.73, 178.71, 168.75, 153.29, 256.50, 233.86, 298.46, 267.08, 272.63, 311.86, 332.44, 408.19, 498.75, 623.65, 803.98, 791.11, 955.89, 1257.70, 1155.19, 1249.36, 1202.76, 1374.66, 1723.13, 2120.83, 2218.62, 2308.24, 2094.47, 2136.11, 2741.81, 2778.51, 2275.51, 2288.15, 2593.30, 2346.78, 2362.87, 1984.21, 2135.66, 1808.81, 2035.00, 1945.61, 2128.42, 2828.82, 3043.33, 3266.98, 2918.39, 2693.50, 2579.34
100.00, 95.54, 109.32, 119.42, 113.60, 106.45, 96.05, 94.73, 101.60, 83.92, 83.25, 87.41, 111.90, 97.68, 88.00, 94.80, 84.13, 73.26, 70.93, 79.12, 86.30, 100.15, 102.60, 134.85, 118.84, 134.25, 172.33, 209.75, 256.81, 238.13, 251.77, 273.85, 337.58, 338.43, 343.86, 336.94, 502.99, 543.21, 701.13, 809.57, 987.71, 1215.03, 1760.32, 1912.68, 2013.08, 2417.38, 2583.42, 2585.08, 2825.56, 4451.22, 3357.28
100.00, 152.66, 120.53, 132.08, 133.60, 141.61, 183.56, 168.68, 209.95, 277.11, 421.88, 477.68, 491.32, 502.97, 478.48, 644.83, 780.15, 1120.33, 1146.45, 1491.33, 1486.42, 1485.63, 1540.27, 1430.15, 1687.90, 2011.88, 2566.91, 3139.66, 3506.27, 5036.54, 6605.03, 7250.04, 10290.97, 9405.65, 10921.72, 13965.08, 11866.93, 12339.13, 12712.12, 15499.68, 15049.90, 14753.07, 12877.27, 14924.90, 16744.91, 22562.63, 24008.41, 28075.70, 25865.93, 23905.67, 21470.74
100.00, 99.87, 135.87, 137.54, 144.38, 167.50, 154.03, 151.93, 176.88, 172.99, 175.15, 186.08, 166.79, 143.77, 133.44, 164.81, 208.89, 237.92, 246.96, 220.11, 256.15, 245.58, 336.07, 354.54, 409.10, 369.37, 510.14, 447.21, 344.47, 338.89, 399.94, 526.17, 777.77, 663.31, 770.80, 1049.99, 1202.48, 1583.52, 1347.95, 1357.82, 1594.09, 1421.45, 1309.86, 1449.20, 1985.63, 1913.76, 1927.92, 1808.89, 1680.20, 1199.11, 1141.39
100.00, 136.82, 168.86, 158.18, 163.74, 198.29, 217.92, 315.53, 337.21, 308.23, 312.66, 379.73, 378.25, 377.50, 332.55, 306.70, 338.74, 453.99, 433.90, 548.89, 399.93, 432.85, 368.50, 428.55, 307.23, 299.78, 300.52, 322.63, 332.39, 230.20, 187.86, 185.89, 179.11, 191.50, 206.67, 258.13, 226.67, 288.38, 285.59, 335.77, 384.28, 383.92, 533.10, 650.33, 659.08, 724.48, 740.71, 747.63, 1131.26, 800.30, 849.39
100.00, 83.43, 85.39, 96.73, 113.79, 103.12, 94.87, 89.13, 84.11, 109.56, 109.89, 103.41, 98.69, 101.50, 109.74, 95.60, 99.24, 100.95, 99.69, 96.48, 98.93, 80.32, 93.26, 111.94, 107.08, 106.84, 92.44, 75.93, 84.92, 79.43, 69.22, 97.55, 97.14, 90.72, 91.74, 73.98, 57.92, 58.03, 109.24, 147.58, 129.05, 142.44, 151.03, 203.44, 186.66, 211.20, 270.95, 292.24, 299.69, 266.57, 263.51
100.00, 123.06, 115.77, 124.60, 157.80, 133.93, 140.25, 168.51, 169.38, 132.77, 123.80, 115.43, 128.89, 143.42, 158.66, 177.71, 197.84, 205.06, 191.08, 240.66, 258.40, 276.23, 265.61, 256.45, 221.07, 202.65, 203.43, 253.04, 240.55, 187.97, 216.60, 247.69, 215.02, 199.13, 200.93, 387.68, 403.34, 589.21, 497.80, 558.62, 568.86, 659.51, 924.64, 919.10, 1248.36, 1279.40, 1559.02, 2125.70, 2714.08, 3345.64, 3650.12
100.00, 97.26, 98.50, 144.50, 162.37, 162.54, 192.86, 203.46, 160.88, 157.75, 184.26, 209.59, 208.95, 282.52, 348.71, 405.49, 503.56, 650.59, 675.68, 690.40, 956.97, 1055.92, 1220.98, 1588.40, 1904.10, 1677.96, 2253.60, 2484.16, 3328.83, 2878.78, 3711.64, 3749.11, 3640.17, 4461.23, 5429.11, 5577.18, 7076.80, 7646.48, 9729.17, 9156.04, 8457.95, 10011.72, 9628.60, 8888.52, 10543.58, 11185.24, 11826.00, 10256.79, 12994.12, 13242.66, 11379.26
100.00, 81.15, 75.56, 95.00, 97.22, 120.94, 151.25, 131.33, 116.46, 103.65, 95.35, 93.58, 113.48, 113.93, 130.57, 131.27, 135.70, 129.31, 145.54, 139.80, 158.10, 108.69, 111.49, 130.12, 164.64, 161.79, 160.12, 168.30, 172.48, 153.49, 135.53, 219.93, 197.57, 172.19, 130.71, 135.10, 147.03, 150.83, 137.01, 129.06, 176.48, 199.38, 234.09, 258.09, 287.45, 253.22, 228.46, 240.48, 288.61, 456.77, 561.97
100.00, 112.38, 102.91, 87.61, 105.16, 129.72, 139.19, 129.91, 119.44, 131.54, 160.99, 162.29, 211.84, 191.33, 198.28, 208.73, 175.22, 178.88, 179.65, 211.40, 246.83, 301.73, 317.01, 301.28, 318.05, 346.71, 386.56, 344.32, 337.89, 398.61, 469.14, 409.66, 422.13, 333.65, 269.05, 470.04, 431.03, 395.77, 423.61, 473.89, 533.81, 420.75, 544.65, 696.03, 754.89, 895.54, 1055.46, 1409.01, 1312.24, 1432.34, 1561.86
100.00, 108.11, 131.92, 158.57, 152.11, 211.14, 271.21, 354.82, 278.21, 264.63, 297.65, 315.38, 314.02, 297.87, 251.28, 264.12, 278.90, 282.98, 204.26, 241.23, 259.93, 352.19, 410.91, 513.71, 501.51, 689.29, 757.43, 743.41, 716.11, 652.08, 737.72, 713.11, 782.47, 769.60, 1008.50, 1231.30, 1151.40, 1071.63, 1243.17, 1196.47, 1357.10, 1802.78, 2081.76, 1985.39, 2230.76, 2896.57, 3511.44, 3072.64, 4229.64, 5513.27, 7446.46
100.00, 134.54, 134.22, 112.82, 150.67, 153.56, 196.46, 197.71, 249.17, 259.96, 293.17, 339.34, 306.45, 226.19, 300.18, 339.46, 299.39, 378.87, 519.38, 537.60, 605.10, 771.76, 658.32, 627.80, 699.40, 1009.50, 983.07, 1007.38, 801.95, 711.22, 858.99, 663.77, 844.36, 949.89, 1328.00, 1956.57, 1919.77, 1655.49, 2096.40, 1687.31, 1818.03, 2238.28, 2737.88, 2905.08, 4030.68, 3881.72, 5716.73, 7039.13, 5529.18, 5523.59, 5499.13
100.00, 96.12, 92.79, 102.86, 86.64, 124.16, 157.06, 184.28, 201.58, 175.00, 197.04, 225.13, 254.94, 342.45, 364.59, 346.77, 292.99, 267.42, 217.70, 188.08, 196.88, 212.46, 224.94, 245.03, 200.35, 148.51, 185.33, 205.08, 216.85, 248.02, 175.69, 163.27, 226.20, 225.27, 201.56, 301.16, 301.71, 280.56, 349.49, 454.74, 490.95, 560.56, 739.21, 767.58, 759.49, 676.13, 867.12, 934.82, 1017.51, 1302.90, 1215.11
100.00, 133.88, 139.65, 145.01, 121.46, 129.03, 132.79, 142.65, 150.48, 139.69, 139.48, 150.15, 113.46, 97.72, 80.22, 105.05, 101.56, 112.10, 118.95, 135.96, 152.77, 165.74, 227.42, 238.87, 220.57, 322.18, 381.16, 477.18, 626.06, 561.52, 678.19, 750.92, 932.67, 1154.16, 1105.80, 1213.37, 1181.19, 1147.18, 1132.93, 1550.93, 1363.12, 1714.79, 2129.55, 2076.61, 2025.70, 3032.74, 3383.11, 2917.25, 3137.94, 3779.10, 2999.10
100.00, 105.88, 81.95, 97.74, 104.59, 134.51, 163.25, 146.59, 145.98, 109.22, 108.78, 126.43, 127.58, 177.17, 236.71, 209.15, 202.63, 203.37, 234.80, 285.94, 427.58, 563.64, 427.84, 390.88, 519.14, 577.94, 449.89, 388.60, 320.64, 371.25, 394.66, 448.45, 436.76, 426.49, 292.99, 297.33, 255.71, 269.74, 224.68, 230.76, 219.20, 166.59, 139.09, 119.00, 128.70, 134.56, 165.49, 173.70, 172.69, 159.59, 171.54
100.00, 89.13, 82.01, 92.38, 80.25, 82.57, 94.46, 120.57, 127.47, 130.96, 146.72, 156.92, 189.05, 207.66, 234.42, 267.93, 263.68, 302.97, 270.46, 333.93, 333.73, 322.14, 460.89, 654.98, 555.43, 416.38, 377.01, 343.11, 297.20, 298.22, 280.74, 296.14, 282.36, 233.36, 280.30, 301.91, 285.57, 399.16, 385.52, 577.19, 724.23, 759.17, 667.84, 795.15, 684.82, 880.38, 1071.11, 1244.30, 1260.41, 1513.37, 1401.86
100.00, 127.90, 131.00, 136.86, 182.22, 229.60, 230.56, 227.83, 275.94, 292.28, 280.30, 303.74, 288.08, 259.42, 414.99, 505.57, 515.02, 471.63, 450.94, 374.06, 374.27, 385.30, 360.18, 426.79, 425.30, 531.72, 533.85, 489.40, 501.28, 426.64, 446.97, 504.01, 470.79, 492.96, 504.79, 488.30, 596.76, 420.78, 335.99, 431.01, 466.66, 603.16, 579.81, 654.12, 788.74, 581.95, 549.49, 623.97, 757.44, 781.39, 887.79
100.00, 103.96, 106.18, 94.22, 115.95, 124.10, 149.49, 178.02, 198.49, 223.99, 242.44, 299.84, 351.31, 329.53, 395.54, 336.61, 251.90, 319.48, 391.75, 403.44, 403.81, 422.46, 466.31, 492.85, 484.27, 518.75, 519.49, 458.97, 514.51, 740.67, 855.19, 1094.83, 1098.90, 1146.78, 1123.29, 1128.85, 1230.82, 980.63, 1072.82, 996.95, 1050.75, 1102.68, 1119.17, 1225.74, 1248.74, 1369.38, 1378.54, 1504.33, 1431.38, 1348.01, 1751.69
100.00, 196.06, 250.33, 248.11, 298.70, 317.90, 355.80, 360.19, 318.86, 365.23, 319.64, 288.73, 257.41, 227.86, 268.68, 231.95, 279.64, 373.27, 305.72, 401.51, 460.49, 446.84, 547.04, 644.05, 688.03, 685.70, 693.38, 770.77, 675.44, 835.89, 783.60, 618.16, 653.84, 670.44, 817.21, 958.09, 794.31, 985.99, 968.45, 1064.08, 1127.66, 1350.66, 1503.81, 1410.61, 1641.49, 1520.53, 2669.96, 2896.75, 3429.08, 3797.99, 3707.56
100.00, 134.14, 133.02, 135.70, 209.42, 229.53, 218.39, 193.19, 180.79, 219.05, 286.30, 290.09, 321.75, 313.50, 392.39, 481.91, 429.16, 497.79, 513.56, 565.69, 640.71, 724.69, 742.66, 609.94, 664.06, 623.84, 774.54, 776.49, 959.93, 874.80, 843.00, 922.09, 1162.87, 1032.97, 1008.10, 883.49, 921.72, 739.13, 904.58, 807.90, 775.22, 790.68, 1084.04, 900.42, 868.76, 891.53, 663.02, 891.60, 963.20, 1228.10, 1262.88
100.00, 119.94, 131.69, 111.90, 131.28, 125.58, 138.14, 141.65, 192.46, 166.51, 143.61, 161.50, 167.03, 171.45, 179.60, 196.93, 207.52, 202.54, 203.31, 251.99, 262.44, 314.76, 363.00, 444.51, 401.38, 429.67, 469.44, 597.72, 757.78, 932.57, 1053.53, 1296.50, 1337.21, 1104.26, 1583.50, 1732.47, 1781.56, 2116.24, 1871.33, 2050.98, 2281.34, 2882.36, 3153.42, 3580.13, 4120.43, 4436.55, 6061.93, 6532.10, 6392.88, 7013.28, 8260.19
100.00, 84.26, 82.13, 76.61, 81.20, 68.01, 91.64, 99.16, 84.64, 115.98, 120.30, 132.68, 131.57, 139.67, 157.38, 227.45, 265.04, 269.06, 275.43, 268.73, 302.59, 295.16, 285.52, 286.81, 275.08, 278.74, 293.56, 321.87, 363.88, 448.97, 456.68, 445.89, 511.50, 468.22, 560.77, 541.78, 474.41, 471.74, 477.09, 649.85, 852.32, 1206.78, 1253.86, 1515.14, 2043.72, 1920.11, 2250.45, 3095.99, 3387.18, 4227.36, 4681.82
100.00, 115.90, 156.22, 163.54, 184.82, 208.88, 218.01, 225.66, 233.99, 231.85, 271.83, 249.63, 240.34, 276.47, 325.84, 305.66, 373.68, 347.21, 355.55, 373.04, 530.10, 578.01, 762.78, 813.84, 865.38, 1018.05, 1345.11, 1581.28, 1444.35, 1857.16, 1462.56, 1606.88, 1783.65, 1951.80, 2384.03, 2152.49, 2961.62, 2915.92, 2633.30, 2307.53, 2199.34, 2128.17, 2231.97, 1785.46, 2241.37, 1787.35, 2175.27, 2254.54, 2477.84, 2320.38, 2506.33
100.00, 85.13, 80.15, 97.43, 98.30, 121.78, 107.26, 116.89, 139.03, 146.11, 175.36, 238.58, 300.07, 312.41, 254.36, 293.98, 334.48, 405.35, 464.89, 530.74, 526.78, 559.75, 622.27, 596.76, 697.86, 819.60, 1118.80, 973.61, 918.78, 1393.82, 1409.82, 1396.89, 1533.36, 1837.88, 1462.02, 1760.62, 1863.46, 1608.30, 1871.73, 1716.77, 1871.12, 2044.91, 2381.12, 2410.57, 2973.43, 2449.82, 2194.81, 3163.41, 3324.49, 2852.48, 2618.64
100.00, 83.88, 77.08, 67.13, 83.00, 89.89, 64.98, 84.26, 92.68, 80.15, 97.87, 105.43, 139.85, 137.11, 137.97, 142.91, 128.52, 129.23, 109.04, 131.17, 143.28, 196.27, 189.96, 243.28, 252.20, 317.85, 284.99, 270.60, 214.22, 216.36, 216.59, 281.14, 325.50, 350.94, 362.59, 386.04, 395.73, 306.78, 390.87, 382.75, 547.79, 553.96, 558.69, 573.06, 630.34, 724.25, 774.85, 787.21, 788.37, 786.26, 853.50
100.00, 91.70, 99.77, 115.88, 112.57, 146.84, 146.84, 159.46, 162.90, 174.70, 192.46, 166.77, 199.85, 214.08, 203.92, 202.41, 248.19, 311.16, 322.09, 333.63, 352.83, 290.90, 273.70, 218.31, 220.63, 260.06, 258.40, 296.87, 326.81, 324.32, 290.19, 425.16, 392.87, 401.27, 428.56, 623.65, 662.83, 976.47, 980.88, 1582.04, 1812.66, 2289.16, 2161.18, 1753.59, 2287.13, 2291.89, 2265.60, 2327.93, 2147.09, 2404.75, 2400.40
100.00, 72.37, 71.35, 73.50, 86.42, 86.36, 101.59, 111.37, 108.21, 95.73, 93.96, 112.23, 111.29, 118.30, 158.61, 185.49, 191.26, 222.99, 215.00, 182.38, 256.20, 236.93, 297.19, 337.90, 347.12, 381.37, 389.35, 443.58, 485.85, 386.87, 410.56, 492.48, 720.00, 758.95, 851.38, 688.78, 647.93, 544.86, 551.01, 518.99, 472.01, 561.02, 534.28, 724.31, 996.84, 1469.76, 1843.83, 2517.79, 2723.88, 3926.95, 4203.93
100.00, 77.46, 78.57, 87.56, 85.85, 111.06, 103.69, 114.29, 161.57, 199.06, 201.67, 228.23, 287.72, 261.03, 241.87, 190.29, 217.71, 223.61, 223.41, 216.27, 214.21, 305.09, 389.45, 500.30, 531.19, 727.26, 741.85, 656.59, 854.10, 783.02, 737.69, 855.28, 982.00, 937.48, 856.55, 825.44, 753.16, 743.66, 689.51, 1205.99, 1159.65, 1677.78, 1639.71, 1836.94, 1874.27, 1919.47, 1846.21, 1984.84, 2707.19, 2253.02, 2159.30
100.00, 98.57, 103.79, 122.40, 161.77, 169.74, 174.43, 192.35, 175.58, 194.35, 210.80, 277.68, 283.68, 316.72, 327.13, 361.76, 357.02, 328.72, 358.14, 295.16, 334.24, 372.33, 298.21, 291.56, 227.30, 303.02, 271.20, 240.77, 265.97, 206.46, 260.71, 233.52, 176.00, 165.68, 194.05, 274.98, 301.18, 328.87, 359.79, 369.10, 433.01, 490.15, 491.30, 432.41, 544.29, 623.28, 536.14, 555.05, 632.21, 779.94, 1219.35
100.00, 113.89, 136.83, 143.42, 144.88, 152.17, 120.95, 116.17, 102.30, 129.13, 137.78, 143.37, 152.92, 154.36, 163.71, 173.84, 215.96, 313.62, 245.96, 249.88, 260.04, 344.10, 323.27, 348.79, 332.24, 392.14, 416.15, 644.83, 645.52, 516.76, 523.13, 707.27, 730.43, 864.70, 772.43, 978.58, 953.16, 1133.13, 1066.84, 920.16, 877.30, 988.09, 1192.99, 1350.74, 1419.87, 1516.17, 2152.77, 2448.38, 2909.88, 3598.72, 4000.84
100.00, 107.37, 96.23, 119.54, 142.34, 123.11, 118.32, 143.44, 141.81, 138.13, 164.04, 151.74, 143.84, 181.61, 195.17, 247.83, 303.06, 294.71, 241.23, 221.88, 223.68, 286.60, 418.79, 504.52, 416.91, 451.84, 503.18, 535.42, 559.82, 758.71, 886.61, 1069.92, 1542.60, 1627.13, 1777.56, 1567.58, 1978.02, 2677.55, 2654.59, 2768.51, 2737.51, 2682.37, 3151.31, 3896.55, 3981.44, 4062.72, 3397.86, 3408.67, 3967.78, 4716.30, 5454.10
100.00, 102.63, 110.69, 113.47, 97.65, 74.25, 76.15, 100.86, 92.40, 95.11, 135.37, 180.48, 189.07, 226.81, 232.23, 223.05, 227.42, 252.57, 232.19, 277.62, 286.95, 359.16, 436.19, 587.77, 568.15, 636.94, 765.00, 742.87, 614.38, 778.80, 754.54, 687.43, 624.90, 797.06, 625.16, 642.91, 645.10, 661.32, 889.71, 833.31, 884.00, 1290.88, 1951.38, 2138.67, 2496.08, 2424.32, 2706.84, 3322.76, 3843.43, 3934.70, 4350.33
100.00, 119.59, 96.84, 97.98, 92.91, 120.17, 132.12, 155.98, 200.43, 179.98, 212.32, 305.61, 278.55, 313.94, 302.86, 437.57, 404.37, 394.04, 384.52, 320.47, 326.40, 338.92, 413.94, 371.21, 465.51, 591.84, 895.74, 902.65, 970.51, 944.62, 1137.86, 1337.94, 1386.26, 1586.87, 1800.76, 1844.64, 1652.24, 1673.24, 2072.19, 3284.05, 3883.07, 4444.13, 3951.42, 3627.01, 4964.95, 6433.28, 6323.18, 6101.81, 9201.60, 9165.08, 9927.50
100.00, 76.36, 81.05, 73.29, 88.69, 91.31, 108.38, 124.70, 142.41, 136.06, 152.70, 225.89, 203.35, 211.55, 149.03, 145.43, 165.06, 149.33, 137.49, 170.68, 172.97, 152.84, 139.90, 154.23, 211.90, 246.76, 252.61, 304.66, 302.36, 344.71, 327.84, 346.44, 458.40, 438.86, 367.74, 366.56, 465.89, 503.51, 540.42, 473.96, 552.98, 547.43, 829.27, 1041.45, 900.43, 973.15, 816.48, 1023.66, 870.42, 848.35, 945.08
100.00, 112.85, 100.01, 118.70, 157.26, 175.67, 198.77, 181.11, 181.75, 168.61, 156.45, 208.41, 197.86, 164.33, 134.42, 118.85, 137.98, 188.73, 200.71, 200.97, 209.95, 183.79, 206.44, 215.93, 206.75, 186.26, 183.74, 147.43, 137.70, 179.43, 243.34, 220.57, 190.22, 186.71, 234.72, 309.30, 326.99, 284.30, 326.97, 332.05, 306.86, 280.98, 293.73, 320.11, 337.00, 332.54, 333.19, 394.05, 439.31, 568.08, 685.70
100.00, 140.28, 169.53, 218.06, 202.58, 137.75, 162.69, 217.98, 214.97, 244.84, 263.56, 271.08, 235.76, 244.58, 330.52, 263.77, 272.61, 367.13, 403.75, 552.45, 529.95, 650.41, 581.17, 712.85, 913.24, 1033.88, 1077.52, 1532.53, 1529.86, 1513.37, 1275.93, 1612.33, 1695.31, 1760.48, 1702.47, 1995.50, 2746.40, 2564.31, 2339.84, 2755.99, 2494.00, 2412.55, 3754.06, 6074.51, 5457.13, 5251.19, 6587.47, 7108.22, 7054.37, 8492.62, 7606.90
100.00, 137.04, 124.15, 147.20, 115.20, 122.85, 137.67, 159.33, 151.24, 138.57, 111.49, 153.84, 205.36, 247.08, 231.15, 306.23, 373.60, 422.10, 500.29, 537.69, 572.31, 486.36, 406.53, 446.55, 441.40, 415.89, 504.93, 453.34, 488.95, 668.56, 819.07, 941.21, 1216.93, 1356.82, 1465.33, 1509.14, 2014.96, 2571.34, 2886.30, 2320.15, 2823.24, 3358.24, 2900.28, 2514.18, 2954.14, 3189.21, 3668.09, 3678.09, 3316.33, 4184.40, 5539.73
100.00, 126.59, 158.03, 151.27, 166.34, 141.66, 167.47, 242.35, 261.04, 254.26, 259.81, 275.91, 186.75, 202.05, 201.32, 202.23, 181.28, 182.34, 205.80, 234.28, 224.42, 251.99, 260.58, 433.18, 498.87, 488.26, 543.44, 616.80, 566.62, 429.06, 400.32, 427.36, 328.61, 430.32, 564.57, 614.81, 620.13, 624.36, 498.68, 624.81, 746.93, 880.99, 983.07, 722.31, 711.11, 756.42, 611.02, 683.67, 774.66, 914.30, 921.76
100.00, 109.69, 115.84, 135.94, 150.86, 157.43, 222.93, 222.54, 257.25, 254.96, 339.28, 363.32, 448.77, 493.12, 518.89, 625.76, 656.79, 765.37, 765.13, 1001.08, 1088.30, 997.98, 1094.82, 1078.80, 1182.38, 1348.54, 1664.74, 1600.39, 1813.93, 2070.04, 2497.83, 2372.51, 2578.00, 1986.54, 2024.51, 2135.28, 2479.90, 2342.61, 2681.21, 2378.05, 3123.18, 3595.10, 3037.47, 2965.31, 2813.92, 2622.38, 2901.83, 4309.59, 5567.57, 6000.50, 6975.83
100.00, 116.71, 132.60, 163.90, 197.17, 141.67, 151.59, 131.25, 160.74, 210.96, 209.01, 275.56, 339.86, 339.33, 435.75, 497.20, 592.49, 625.02, 625.97, 744.50, 973.28, 1064.29, 994.26, 934.41, 1102.49, 1016.73, 865.08, 1057.80, 1022.82, 821.89, 799.98, 783.11, 872.79, 718.87, 802.94, 770.84, 794.22, 824.25, 1119.39, 1077.43, 1223.10, 1367.22, 1573.49, 1524.12, 2124.41, 2205.41, 2339.37, 2813.35, 2951.40, 2844.02, 2569.77
100.00, 113.22, 109.23, 125.29, 146.72, 171.01, 177.92, 156.71, 240.88, 240.57, 253.15, 241.66, 226.81, 260.55, 241.49, 271.40, 218.13, 272.63, 302.45, 367.07, 485.70, 632.05, 685.49, 659.18, 657.50, 767.29, 783.11, 1039.42, 1246.79, 1267.76, 992.34, 806.28, 1020.81, 1083.30, 1164.96, 1218.58, 1255.78, 1611.21, 1283.40, 1227.00, 974.07, 986.21, 1151.65, 969.48, 1036.34, 1059.75, 906.41, 897.25, 1025.85, 1346.79, 1308.49
100.00, 140.68, 185.78, 152.64, 139.86, 113.32, 125.65, 112.99, 104.82, 92.89, 93.54, 82.21, 71.28, 78.55, 108.15, 96.95, 101.76, 84.06, 95.30, 110.66, 105.29, 116.56, 119.54, 145.55, 141.47, 141.55, 150.09, 169.73, 221.46, 297.73, 269.48, 240.06, 227.71, 204.48, 216.12, 262.51, 310.72, 354.24, 360.49, 364.35, 424.16, 470.52, 472.26, 558.26, 730.61, 853.92, 988.28, 1164.61, 1183.14, 1241.44, 1285.25
100.00, 106.50, 104.17, 90.86, 115.76, 128.74, 151.11, 140.92, 197.97, 197.03, 172.07, 226.13, 175.19, 190.02, 153.69, 137.81, 178.20, 154.16, 146.88, 132.76, 129.28, 136.08, 167.41, 159.88, 168.81, 122.19, 146.27, 137.60, 118.38, 151.31, 150.96, 195.00, 235.03, 299.50, 283.50, 278.26, 356.66, 374.31, 345.00, 340.00, 376.37, 422.38, 364.05, 333.70, 259.50, 201.88, 219.74, 275.24, 282.45, 317.43, 365.65
100.00, 89.39, 70.91, 67.76, 62.46, 53.26, 68.07, 69.31, 77.94, 87.99, 81.44, 76.43, 98.79, 102.09, 103.46, 114.73, 94.55, 84.47, 99.43, 162.86, 155.03, 178.35, 228.24, 204.35, 209.52, 223.18, 231.11, 261.18, 218.11, 278.32, 351.04, 452.92, 491.40, 506.52, 578.77, 547.50, 592.68, 630.00, 460.68, 385.83, 446.41, 471.85, 485.91, 550.08, 529.93, 597.67, 629.15, 696.62, 654.32, 637.93, 603.39
100.00, 97.67, 114.36, 101.52, 112.75, 132.71, 191.26, 194.89, 254.03, 287.02, 301.03, 322.78, 288.57, 335.53, 269.01, 272.45, 281.86, 312.62, 369.18, 342.31, 318.81, 439.67, 651.83, 679.05, 967.38, 960.20, 920.60, 1097.10, 1125.37, 1131.84, 1310.82, 1315.53, 1565.10, 1690.29, 2733.59, 3110.19, 4014.68, 3835.97, 4624.44, 3413.60, 4077.80, 3805.12, 4811.70, 6481.67, 6171.88, 7259.78, 8752.69, 7713.86, 7330.02, 6036.18, 5194.58
100.00, 78.33, 59.14, 63.70, 82.79, 124.05, 147.20, 138.89, 171.58, 184.30, 208.99, 233.22, 292.06, 283.16, 276.25, 321.19, 364.08, 437.97, 439.32, 450.14, 524.43, 699.67, 792.72, 1137.25, 1276.44, 1038.25, 1162.06, 1229.55, 1502.71, 1878.15, 1582.08, 1692.20, 1686.52, 2365.78, 2618.76, 3078.38, 2944.17, 2587.61, 2687.83, 2927.54, 3168.62, 3150.72, 2673.68, 2698.59, 3555.34, 4481.71, 4187.43, 4665.04, 5812.57, 6078.99, 5323.27
100.00, 130.19, 153.07, 156.77, 211.43, 199.12, 190.60, 281.68, 307.85, 331.04, 370.11, 428.25, 366.89, 412.59, 434.52, 369.35, 400.51, 372.72, 403.82, 465.04, 490.48, 482.02, 435.90, 509.28, 569.15, 742.52, 927.67, 1065.40, 1230.28, 1495.02, 1273.17, 1371.03, 1801.97, 1702.85, 1495.56, 1397.55, 1492.58, 1476.39, 1368.92, 1832.08, 2238.36, 2207.97, 2380.76, 2427.38, 2819.50, 3066.06, 3448.32, 3062.20, 3202.18, 4984.91, 7019.45
100.00, 125.06, 132.98, 139.11, 113.94, 103.95, 115.22, 154.70, 198.25, 181.22, 232.62, 232.73, 206.00, 246.90, 306.44, 316.99, 442.91, 535.86, 526.46, 708.05, 814.35, 836.88, 904.03, 1060.30, 1240.22, 1523.23, 1455.29, 1386.96, 1376.25, 1569.28, 1886.19, 1830.64, 1924.91, 2456.58, 2926.83, 3378.25, 3231.18, 2814.36, 3568.03, 3773.04, 3797.71, 3206.88, 3197.76, 4223.30, 4500.20, 4331.11, 3861.80, 3543.77, 3562.98, 4182.79, 4444.64
100.00, 81.73, 98.59, 126.08, 168.19, 177.52, 223.56, 303.36, 355.35, 483.95, 680.62, 783.42, 771.24, 884.47, 1020.06, 898.73, 1085.17, 959.04, 1046.63, 990.01, 957.62, 931.67, 855.96, 1033.11, 1311.24, 1458.49, 1738.57, 1644.11, 1599.46, 1911.58, 2039.34, 2592.61, 3205.51, 3808.93, 5013.20, 5957.77, 7321.91, 8663.50, 6888.81, 8601.84, 7593.34, 10901.85, 13415.79, 10813.04, 13120.13, 18576.04, 18467.23, 28923.69, 42589.51, 42855.51, 44070.66
100.00, 78.56, 76.98, 79.38, 73.05, 81.87, 83.21, 91.60, 86.84, 86.34, 86.83, 96.57, 110.08, 103.30, 100.61, 97.53, 113.30, 137.11, 177.75, 124.81, 137.39, 146.69, 143.12, 146.78, 168.95, 189.50, 192.85, 225.80, 198.75, 213.76, 197.00, 210.73, 247.92, 236.93, 368.43, 337.49, 361.99, 503.61, 437.15, 377.13, 424.54, 384.03, 290.34, 327.92, 287.31, 225.06, 224.53, 226.17, 272.89, 343.17, 329.82
100.00, 106.62, 104.28, 101.91, 128.28, 147.61, 144.26, 151.36, 137.88, 126.19, 161.43, 130.50, 154.74, 172.25, 201.97, 255.49, 261.38, 385.90, 448.21, 425.04, 457.04, 476.04, 585.65, 463.47, 512.99, 488.11, 444.24, 489.62, 523.25, 392.66, 386.40, 361.64, 556.43, 493.37, 504.19, 532.26, 501.98, 447.22, 559.10, 579.94, 682.26, 1067.79, 1121.97, 1216.82, 1111.05, 1074.75, 1133.55, 1323.51, 1134.29, 917.99, 999.67
100.00, 129.88, 163.14, 148.25, 172.30, 163.11, 154.28, 154.43, 212.76, 214.26, 173.90, 156.44, 151.73, 164.84, 224.79, 226.60, 197.19, 290.25, 257.39, 222.32, 199.59, 230.25, 230.00, 189.08, 148.41, 151.17, 142.96, 149.15, 179.24, 178.34, 167.42, 174.66, 216.65, 214.19, 308.25, 355.49, 390.11, 328.90, 289.94, 342.24, 443.83, 514.61, 404.31, 428.83, 479.48, 423.64, 536.62, 441.07, 487.47, 574.05, 726.24
100.00, 125.59, 117.89, 131.23, 109.78, 140.19, 176.74, 206.24, 220.73, 214.76, 249.09, 301.58, 357.87, 353.03, 381.24, 424.54, 518.72, 500.72, 509.25, 423.53, 420.88, 300.65, 318.68, 305.41, 317.49, 346.89, 367.34, 561.36, 611.53, 475.02, 455.64, 501.95, 492.61, 504.34, 650.68, 648.04, 803.51, 630.96, 808.53, 810.40, 883.62, 999.94, 1002.78, 953.62, 929.08, 1103.82, 945.78, 1192.87, 1639.97, 2105.55, 2218.58
100.00, 84.81, 98.97, 82.99, 83.19, 117.90, 137.68, 157.35, 129.06, 155.81, 123.47, 147.12, 138.14, 138.25, 124.03, 134.50, 127.08, 147.35, 144.31, 167.76, 161.61, 144.26, 127.15, 152.48, 153.91, 195.79, 177.65, 185.39, 204.20, 218.07, 242.48, 265.27, 248.78, 241.51, 290.29, 258.10, 324.73, 392.10, 357.39, 364.22, 564.09, 693.79, 719.32, 702.73, 652.35, 556.54, 609.93, 912.02, 1060.77, 1178.40, 1147.30
100.00, 101.20, 134.95, 179.76, 301.40, 344.62, 353.68, 254.58, 261.88, 281.22, 283.26, 291.22, 306.86, 242.11, 303.14, 278.55, 382.95, 299.26, 281.70, 285.56, 265.73, 297.10, 281.70, 203.81, 186.75, 176.78, 181.18, 193.62, 231.75, 214.93, 196.60, 174.02, 156.34, 178.17, 173.38, 237.67, 311.69, 255.91, 248.87, 250.33, 256.49, 307.51, 328.94, 379.71, 436.73, 578.25, 629.29, 693.73, 598.84, 612.93, 707.60
100.00, 90.67, 88.06, 88.70, 83.11, 91.97, 96.25, 99.67, 116.06, 113.33, 94.90, 84.40, 96.14, 85.81, 97.24, 102.20, 148.20, 135.53, 135.69, 149.36, 118.60, 132.86, 171.76, 178.48, 164.67, 233.34, 281.43, 337.11, 313.46, 293.15, 370.26, 420.73, 453.30, 455.38, 591.01, 685.34, 785.06, 824.91, 894.18, 921.06, 1019.88, 905.16, 780.15, 836.59, 917.52, 957.42, 1148.47, 880.67, 856.86, 767.69, 985.07
100.00, 92.99, 89.23, 85.85, 92.20, 110.24, 92.55, 62.65, 69.29, 75.91, 79.32, 102.94, 123.79, 159.34, 133.26, 176.20, 168.01, 171.96, 213.85, 252.26, 293.96, 269.76, 252.54, 273.27, 232.50, 224.62, 183.50, 225.65, 215.06, 157.13, 153.43, 156.71, 134.08, 138.22, 152.51, 189.05, 124.48, 160.42, 182.48, 175.00, 211.55, 216.94, 261.20, 263.87, 265.72, 245.30, 189.15, 215.54, 252.59, 190.69, 185.62
100.00, 88.22, 112.96, 132.10, 134.57, 136.45, 128.76, 159.12, 168.13, 192.25, 188.73, 239.46, 243.80, 239.74, 235.96, 242.08, 225.52, 274.45, 341.79, 328.14, 344.98, 331.46, 420.85, 363.78, 423.94, 509.01, 496.19, 557.29, 531.05, 514.93, 630.35, 624.55, 786.84, 756.25, 1056.37, 1276.91, 1251.11, 1298.67, 1215.51, 1128.67, 1296.54, 1227.36, 1504.34, 1401.65, 1473.09, 1357.42, 1148.40, 1018.10, 1232.09, 969.63, 840.15
100.00, 81.87, 87.19, 85.54, 68.80, 54.48, 48.29, 56.04, 51.02, 49.29, 41.98, 54.87, 59.61, 68.53, 66.43, 90.00, 104.34, 108.68, 119.56, 100.82, 99.64, 116.09, 112.34, 118.43, 134.18, 130.67, 138.47, 162.52, 145.68, 153.40, 174.52, 201.70, 181.45, 202.75, 246.24, 263.29, 266.01, 332.57, 340.39, 345.85, 459.20, 421.51, 437.47, 410.33, 457.00, 509.24, 677.26, 667.69, 580.35, 756.40, 766.53
100.00, 73.69, 59.85, 58.25, 62.01, 69.72, 83.30, 112.18, 125.20, 174.29, 200.97, 166.23, 183.58, 158.04, 139.79, 165.81, 193.35, 221.87, 175.08, 132.72, 149.64, 159.97, 135.26, 142.64, 151.96, 173.75, 179.85, 179.87, 152.14, 174.20, 185.71, 203.97, 236.85, 233.75, 275.30, 281.33, 285.08, 303.94, 330.10, 430.21, 337.43, 421.84, 455.91, 411.79, 518.31, 539.29, 610.78, 823.58, 946.28, 1312.65, 1195.42
100.00, 95.07, 80.63, 78.45, 69.44, 98.94, 113.17, 166.01, 175.74, 155.78, 151.41, 207.02, 195.68, 197.52, 209.57, 170.12, 220.97, 241.95, 251.34, 251.47, 249.56, 244.17, 259.57, 235.47, 241.77, 200.12, 228.99, 287.14, 292.11, 226.55, 235.55, 297.25, 309.33, 285.76, 234.60, 200.68, 238.93, 210.55, 259.01, 274.89, 340.71, 321.11, 339.71, 312.68, 268.13, 252.38, 176.55, 165.68, 197.33, 214.28, 247.61
100.00, 105.80, 102.05, 106.36, 116.41, 138.49, 162.65, 184.21, 162.81, 156.44, 146.16, 136.16, 186.92, 193.55, 222.43, 199.07, 243.89, 197.41, 243.26, 302.07, 361.58, 336.36, 333.67, 323.62, 344.88, 375.13, 485.16, 417.92, 449.22, 508.84, 389.14, 413.49, 426.41, 455.87, 369.93, 513.27, 634.61, 696.89, 797.31, 861.25, 775.90, 810.32, 546.75, 585.42, 447.41, 422.91, 595.86, 743.77, 798.10, 923.94, 967.75
100.00, 109.52, 92.11, 86.54, 99.44, 117.19, 113.35, 148.03, 167.48, 172.08, 166.53, 202.31, 214.37, 199.44, 228.51, 284.87, 392.44, 390.50, 415.33, 411.11, 342.33, 388.50, 378.54, 357.17, 344.64, 469.10, 341.74, 400.97, 448.80, 459.89, 680.11, 660.41, 725.51, 655.73, 642.07, 827.63, 780.02, 884.92, 1100.88, 900.11, 959.52, 1080.81, 1040.24, 955.85, 1073.20, 1161.33, 1155.76, 1305.17, 1312.40, 1225.86, 1210.15
100.00, 136.50, 174.34, 150.73, 174.98, 137.77, 177.88, 165.96, 250.06, 279.99, 362.32, 479.05, 540.13, 605.69, 625.72, 681.92, 702.41, 792.37, 747.49, 842.13, 984.24, 1182.65, 1402.77, 1633.67, 1476.40, 1167.51, 1160.52, 1251.51, 1461.95, 1755.05, 1630.73, 1336.90, 1124.50, 1500.25, 1387.35, 1333.69, 1368.99, 1036.49, 961.11, 1039.04, 1261.20, 1099.73, 860.92, 827.85, 726.99, 648.22, 745.88, 863.84, 1011.05, 1198.73, 967.01
100.00, 75.91, 91.49, 83.12, 110.60, 136.84, 150.37, 147.46, 162.31, 123.38, 128.88, 152.18, 164.12, 223.62, 169.01, 188.37, 134.80, 120.43, 167.40, 203.08, 234.41, 195.81, 206.12, 230.33, 240.59, 240.83, 231.50, 289.06, 236.92, 239.04, 227.68, 249.62, 226.45, 197.71, 216.11, 183.34, 219.30, 346.55, 371.47, 485.60, 419.58, 403.22, 473.73, 512.80, 485.98, 498.29, 472.57, 523.64, 521.85, 727.41, 997.74
100.00, 102.18, 77.53, 97.64, 133.53, 123.00, 107.20, 77.65, 77.52, 113.39, 111.65, 120.91, 158.42, 191.39, 219.27, 249.94, 193.00, 206.59, 201.80, 180.36, 229.39, 219.75, 332.48, 297.88, 396.77, 395.11, 470.31, 574.38, 510.81, 496.71, 553.08, 628.23, 476.79, 555.61, 751.34, 878.31, 754.93, 1112.99, 1104.51, 1023.11, 1170.77, 1458.99, 2085.60, 1515.58, 1305.87, 1364.42, 1465.22, 1909.84, 1848.90, 2109.39, 1931.71
100.00, 145.52, 155.31, 147.33, 130.93, 175.31, 182.04, 235.01, 245.70, 180.95, 197.30, 193.01, 229.65, 314.68, 261.57, 192.18, 241.89, 320.22, 442.30, 389.70, 382.48, 313.87, 247.37, 261.39, 255.34, 259.92, 281.23, 334.06, 395.80, 429.36, 452.46, 448.62, 473.04, 591.33, 736.43, 1037.35, 1475.86, 1228.35, 1172.33, 1175.78, 1335.19, 1443.66, 1342.18, 1455.23, 1399.68, 1598.95, 1424.58, 1356.84, 1379.85, 1141.78, 1277.76
100.00, 106.87, 118.02, 129.35, 164.89, 167.99, 185.99, 208.26, 218.83, 211.91, 195.96, 207.47, 291.55, 312.07, 409.06, 292.88, 402.64, 416.80, 400.34, 415.04, 486.89, 387.30, 389.19, 417.77, 528.01, 567.62, 720.82, 792.88, 793.87, 885.37, 919.66, 900.46, 929.83, 1385.60, 1574.65, 1263.45, 1354.04, 1130.06, 1098.22, 1498.73, 1432.53, 1258.13, 1191.06, 1059.40, 798.57, 624.70, 714.36, 683.44, 732.24, 877.67, 976.74
100.00, 109.88, 99.15, 92.16, 102.23, 124.67, 137.78, 183.53, 169.19, 244.89, 314.04, 352.28, 368.59, 553.55, 617.01, 692.32, 618.65, 612.36, 768.02, 788.23, 785.04, 940.78, 1105.54, 834.25, 926.83, 966.73, 952.70, 1079.28, 730.23, 680.87, 838.39, 742.68, 970.10, 931.70, 949.46, 924.67, 1066.35, 1280.54, 1365.29, 1517.49, 1659.50, 1734.39, 1715.31, 1769.97, 2151.01, 1721.29, 2030.49, 2071.94, 1528.76, 1305.06, 1132.21
100.00, 93.54, 79.85, 82.07, 116.68, 112.54, 149.23, 163.30, 185.69, 216.28, 256.76, 253.81, 260.46, 257.11, 369.48, 468.75, 351.21, 397.02, 397.09, 442.46, 535.08, 414.48, 528.30, 647.22, 719.62, 1061.70, 1053.68, 1288.25, 1202.80, 883.07, 1076.83, 1014.38, 1107.35, 1548.14, 1404.20, 1382.49, 1380.98, 1317.34, 1308.48, 1460.73, 2124.58, 1848.76, 2026.24, 2335.95, 2159.57, 1951.45, 1997.43, 1773.58, 1598.17, 1487.12, 1876.38
100.00, 101.04, 92.28, 89.09, 93.46, 91.67, 118.38, 141.12, 190.82, 179.71, 187.33, 202.84, 212.92, 196.98, 153.86, 200.94, 235.76, 265.52, 443.11, 579.41, 647.56, 505.33, 558.90, 632.41, 551.20, 568.53, 566.86, 571.65, 532.68, 588.75, 489.34, 469.15, 563.39, 642.20, 609.50, 757.41, 1065.50, 1016.09, 927.25, 800.20, 668.35, 613.82, 744.84, 1116.83, 1295.61, 1484.38, 1219.06, 1326.46, 1165.62, 1578.75, 1495.73
100.00, 111.96, 144.97, 146.83, 153.49, 133.54, 109.59, 135.64, 154.37, 126.85, 159.42, 175.44, 155.26, 183.09, 191.27, 173.05, 199.42, 226.21, 200.02, 177.41, 238.92, 257.77, 300.73, 347.00, 335.63, 270.05, 238.08, 276.05, 272.93, 299.79, 268.47, 261.05, 289.29, 259.50, 255.70, 243.66, 264.44, 285.82, 257.28, 306.14, 349.48, 415.33, 338.54, 390.57, 325.19, 340.46, 348.14, 323.64, 400.76, 318.24, 419.74
100.00, 119.32, 140.11, 132.60, 133.57, 140.66, 128.11, 151.12, 153.43, 202.70, 224.17, 247.89, 333.94, 357.86, 430.88, 450.03, 476.43, 445.61, 415.19, 373.70, 287.53, 275.98, 236.31, 277.19, 251.62, 327.39, 357.85, 332.97, 324.88, 316.10, 366.16, 451.50, 694.25, 460.06, 542.73, 648.72, 600.52, 708.61, 687.89, 924.01, 1202.61, 1246.20, 1474.65, 1505.79, 1190.79, 1337.65, 1246.79, 1080.65, 1395.39, 1306.34, 1444.36
100.00, 82.18, 91.75, 95.70, 96.04, 105.97, 109.99, 79.82, 93.87, 162.85, 125.83, 128.36, 114.78, 112.08, 126.12, 140.02, 171.20, 207.86, 167.26, 193.91, 232.44, 184.10, 173.66, 205.24, 189.02, 156.82, 204.76, 203.97, 227.31, 253.03, 284.01, 333.31, 447.92, 471.34, 528.82, 592.12, 452.19, 538.78, 407.97, 371.18, 405.77, 357.26, 409.79, 452.82, 454.33, 508.54, 425.58, 422.21, 481.43, 476.34, 509.88
100.00, 88.74, 97.53, 93.27, 93.68, 80.52, 73.62, 81.21, 96.08, 112.10, 109.85, 125.82, 103.60, 134.45, 129.55, 119.06, 116.85, 116.32, 101.38, 95.17, 97.66, 119.46, 149.62, 181.12, 207.57, 184.32, 234.47, 230.75, 230.38, 245.29, 320.84, 279.47, 298.10, 386.22, 354.55, 314.20, 316.20, 299.18, 307.92, 418.17, 449.37, 467.00, 394.36, 408.67, 463.91, 435.50, 458.67, 496.00, 564.05, 488.98, 444.49
100.00, 114.39, 106.43, 113.58, 111.16, 90.50, 91.38, 63.59, 76.90, 73.68, 72.72, 89.14, 105.19, 142.34, 165.16, 151.70, 158.12, 152.22, 184.54, 193.96, 159.38, 172.62, 179.96, 154.90, 182.45, 174.69, 168.19, 189.02, 173.49, 186.16, 151.08, 124.10, 127.97, 137.42, 125.94, 133.22, 167.82, 144.62, 219.48, 245.43, 200.67, 206.40, 196.28, 190.30, 189.50, 183.23, 236.23, 256.93, 247.95, 265.91, 232.84
100.00, 88.56, 104.24, 104.35, 107.64, 109.46, 88.17, 123.84, 131.96, 156.45, 186.75, 212.81, 260.83, 252.76, 295.16, 399.28, 391.63, 588.93, 611.35, 667.46, 654.51, 673.30, 544.43, 517.70, 548.16, 445.65, 486.57, 550.98, 581.82, 478.81, 549.56, 572.21, 702.23, 930.58, 1134.12, 1309.04, 1153.86, 1377.38, 1171.16, 1270.21, 1504.52, 1355.32, 1332.37, 1430.68, 1291.63, 1371.74, 1216.62, 1210.93, 1626.66, 1705.24, 1432.19
100.00, 115.14, 140.89, 148.42, 154.44, 131.27, 118.04, 119.71, 159.98, 177.71, 203.31, 208.28, 269.44, 309.12, 424.30, 433.18, 387.27, 423.48, 499.04, 511.08, 622.80, 633.43, 728.78, 577.63, 580.34, 449.58, 544.19, 593.95, 791.18, 869.10, 947.88, 1250.06, 1130.42, 1093.11, 1593.38, 1865.18, 1804.48, 1781.78, 1819.47, 1755.55, 1644.51, 1737.35, 1664.81, 1704.28, 1876.43, 2050.40, 2936.08, 3738.10, 3434.44, 3899.72, 3417.59
100.00, 75.52, 69.33, 65.56, 72.68, 59.87, 63.52, 57.73, 53.15, 49.68, 46.65, 52.53, 47.81, 45.99, 37.44, 38.38, 34.34, 31.11, 30.65, 26.44, 31.42, 38.19, 34.85, 30.86, 35.46, 30.18, 33.34, 40.89, 35.06, 36.19, 31.66, 45.00, 35.39, 50.80, 69.85, 89.19, 93.28, 108.17, 129.73, 136.20, 124.64, 153.96, 159.41, 169.04, 155.43, 141.01, 171.36, 164.08, 180.16, 174.10, 154.41
100.00, 161.68, 156.63, 184.21, 136.73, 149.26, 137.56, 115.16, 160.78, 137.57, 141.68, 173.63, 171.10, 181.43, 182.68, 193.16, 236.61, 278.87, 273.82, 317.38, 271.00, 249.77, 280.33, 338.20, 374.18, 415.40, 406.91, 362.97, 423.78, 406.17, 341.43, 432.16, 484.46, 682.75, 670.32, 711.44, 881.98, 878.08, 934.45, 1074.47, 928.89, 780.17, 662.36, 755.83, 957.84, 863.03, 1245.50, 1468.90, 1273.85, 1722.07, 1753.73
100.00, 113.34, 156.64, 155.77, 172.51, 212.90, 283.18, 336.48, 480.44, 541.00, 531.90, 687.51, 602.51, 624.63, 752.96, 711.21, 720.68, 749.90, 746.48, 806.25, 881.73, 1043.44, 1347.27, 1475.36, 1445.14, 1741.79, 2439.21, 2963.44, 2762.12, 2476.62, 2150.34, 1795.14, 1778.01, 1737.86, 1823.85, 2279.38, 3053.88, 3640.15, 4633.43, 4287.75, 3918.36, 4577.01, 4045.47, 4211.63, 3900.37, 3676.90, 4089.58, 3463.99, 3802.68, 3809.30, 4802.07
100.00, 112.78, 109.47, 122.18, 150.59, 125.98, 158.27, 144.00, 175.88, 178.67, 188.53, 231.51, 220.61, 251.97, 224.22, 235.12, 243.04, 174.18, 154.43, 179.69, 167.28, 173.36, 211.01, 261.81, 253.61, 243.43, 252.45, 289.37, 224.18, 309.05, 341.93, 416.55, 427.74, 403.25, 420.94, 437.59, 456.80, 378.23, 477.51, 558.82, 760.02, 864.62, 817.55, 706.61, 857.19, 820.22, 904.32, 877.96, 864.18, 960.91, 935.00
100.00, 119.64, 126.58, 130.84, 135.34, 142.00, 193.62, 172.57, 181.71, 179.35, 255.70, 281.06, 372.22, 356.99, 489.83, 499.23, 529.47, 523.39, 719.11, 615.40, 657.23, 736.35, 828.64, 1083.48, 867.00, 887.84, 924.91, 797.77, 897.72, 1260.04, 1358.08, 1201.60, 1007.15, 1371.77, 2105.93, 1832.38, 2740.60, 3562.95, 2951.31, 2604.51, 2909.91, 2943.77, 3026.32, 4057.69, 5195.15, 5872.20, 6055.75, 6430.64, 5554.88, 5964.71, 5721.87
100.00, 114.25, 93.07, 97.30, 98.82, 103.12, 105.96, 131.04, 130.40, 143.91, 121.88, 118.91, 102.23, 89.25, 107.58, 99.19, 111.70, 116.08, 127.45, 146.08, 216.61, 249.28, 316.80, 384.32, 382.96, 328.76, 293.06, 287.74, 248.32, 212.32, 233.09, 277.99, 229.96, 282.40, 343.17, 407.42, 402.53, 483.31, 514.98, 451.95, 342.09, 414.12, 492.00, 571.90, 566.60, 612.87, 742.93, 877.97, 719.39, 707.47, 755.00
100.00, 87.50, 104.98, 134.05, 107.58, 111.03, 134.94, 144.09, 152.59, 131.06, 124.74, 150.11, 187.39, 215.97, 229.42, 301.04, 278.38, 414.85, 427.31, 439.41, 442.42, 539.64, 584.51, 710.11, 688.10, 698.19, 693.66, 668.40, 853.93, 805.56, 784.48, 892.71, 1013.66, 1258.75, 1304.74, 1510.09, 1723.87, 1960.95, 2595.15, 3201.61, 3031.23, 3025.37, 3337.83, 2702.15, 2721.16, 2727.60, 3440.39, 3464.49, 3208.61, 4216.93, 4817.59
100.00, 95.75, 106.89, 149.63, 150.93, 125.50, 138.03, 128.47, 171.39, 211.68, 223.85, 249.97, 204.05, 189.70, 177.22, 266.49, 250.49, 234.38, 221.05, 229.75, 226.64, 338.64, 308.88, 339.61, 326.79, 320.90, 353.70, 576.27, 433.24, 473.52, 511.42, 477.57, 514.61, 480.66, 446.90, 416.05, 468.47, 471.98, 572.49, 666.89, 558.61, 510.54, 521.35, 468.41, 428.52, 405.99, 385.87, 448.13, 429.49, 467.51, 414.67
100.00, 127.43, 137.70, 189.96, 258.03, 302.79, 202.56, 190.02, 191.30, 191.39, 252.79, 268.16, 315.31, 324.70, 293.06, 339.69, 348.46, 376.62, 483.82, 435.99, 418.06, 397.23, 414.66, 520.00, 624.07, 478.47, 481.97, 599.00, 694.21, 721.36, 744.64, 851.85, 1118.50, 1005.85, 918.44, 847.95, 732.37, 775.71, 775.41, 843.12, 1011.39, 1093.73, 1271.94, 940.07, 935.07, 944.97, 816.67, 954.55, 1060.81, 866.84, 1184.22
100.00, 128.80, 127.88, 196.17, 166.20, 135.45, 178.39, 189.52, 248.86, 257.92, 204.97, 199.59, 272.18, 276.58, 330.25, 348.79, 328.42, 314.23, 280.98, 343.73, 387.42, 402.28, 223.67, 243.86, 222.16, 355.78, 362.62, 341.32, 348.95, 459.78, 413.23, 468.64, 595.76, 434.35, 376.55, 294.49, 285.58, 289.49, 327.31, 347.27, 325.29, 379.21, 442.78, 465.24, 636.10, 703.03, 805.99, 938.07, 1027.16, 1312.22, 1330.21
100.00, 116.53, 109.49, 137.11, 117.60, 152.71, 112.81, 111.10, 128.83, 122.20, 135.95, 148.94, 157.91, 223.07, 178.79, 239.93, 312.03, 290.14, 352.04, 325.88, 398.04, 417.71, 340.84, 312.14, 365.07, 403.42, 490.49, 631.54, 815.31, 804.99, 1134.06, 1233.70, 1057.80, 957.15, 1307.25, 1252.30, 1336.48, 1894.29, 1898.24, 1995.34, 2357.49, 2530.18, 2232.65, 2630.64, 2508.07, 2365.46, 2675.84, 2893.14, 2956.42, 2524.61, 2853.83
100.00, 111.66, 130.25, 212.06, 185.33, 192.60, 226.61, 246.84, 300.27, 321.15, 269.85, 348.64, 357.20, 450.79, 426.74, 506.95, 586.14, 673.87, 770.23, 1133.37, 1219.52, 1204.41, 1684.79, 2009.14, 2074.24, 2475.33, 2685.26, 3230.90, 2911.82, 2459.24, 2201.35, 1909.52, 1813.04, 1874.44, 2295.63, 1851.37, 2415.25, 2341.65, 2073.08, 1851.74, 2158.16, 2358.28, 2276.29, 3235.69, 2946.51, 3982.90, 4204.59, 3684.31, 3977.06, 5539.01, 5627.38
100.00, 113.61, 112.26, 125.71, 122.04, 121.38, 114.81, 121.63, 176.04, 148.96, 162.79, 168.38, 158.73, 173.45, 180.45, 206.29, 235.56, 239.57, 215.69, 190.44, 240.45, 353.21, 420.60, 392.78, 336.60, 355.01, 307.73, 333.09, 343.91, 336.71, 303.96, 301.43, 315.72, 295.42, 384.85, 408.71, 586.90, 696.61, 643.99, 621.62, 607.98, 694.82, 715.16, 793.14, 943.32, 1015.75, 1125.00, 1203.74, 908.76, 971.55, 1121.98
100.00, 96.25, 61.31, 83.60, 89.55, 61.38, 61.75, 57.63, 77.52, 83.40, 76.26, 93.53, 86.81, 103.73, 121.34, 130.32, 166.83, 161.80, 145.47, 155.31, 135.07, 161.60, 208.57, 170.90, 185.28, 210.46, 204.02, 242.18, 240.78, 205.76, 210.56, 240.98, 315.12, 320.12, 353.51, 429.06, 379.05, 421.33, 467.51, 470.84, 562.11, 792.25, 743.78, 723.37, 641.60, 610.89, 728.78, 899.34, 841.20, 888.12, 1226.04
100.00, 86.26, 80.71, 80.12, 89.18, 99.65, 118.39, 106.70, 109.39, 113.33, 113.99, 103.33, 111.74, 122.55, 90.82, 130.21, 123.90, 114.83, 141.66, 183.33, 205.31, 260.02, 262.13, 182.35, 185.19, 177.57, 211.63, 187.11, 174.47, 197.65, 172.01, 202.64, 210.90, 233.56, 254.19, 275.27, 239.47, 258.70, 308.97, 320.26, 341.67, 313.29, 390.75, 367.07, 453.32, 538.09, 607.45, 450.45, 465.68, 511.55, 503.99
100.00, 108.03, 102.35, 131.94, 144.48, 140.66, 166.92, 161.64, 170.15, 241.78, 230.02, 232.01, 239.33, 240.20, 311.30, 363.97, 503.64, 663.09, 854.59, 885.95, 1021.99, 1255.02, 1298.92, 1228.35, 1105.00, 1460.23, 1399.34, 1595.68, 1557.61, 1878.56, 2154.63, 2737.43, 3041.84, 2647.28, 3689.77, 3668.23, 4681.23, 4905.14, 4847.30, 5489.22, 6683.87, 7607.21, 7948.54, 7651.47, 8973.19, 11774.39, 13948.11, 11935.72, 12418.95, 12909.75, 15044.93
100.00, 119.21, 97.15, 113.20, 150.71, 176.35, 230.32, 233.56, 268.03, 303.21, 312.99, 411.57, 466.24, 621.72, 607.91, 792.53, 785.09, 1025.10, 1034.29, 1288.95, 1473.48, 1837.05, 1619.57, 1841.16, 2602.33, 3728.87, 3347.86, 3775.04, 3866.91, 3965.64, 5088.87, 5371.83, 6405.18, 7390.12, 8740.08, 8742.83, 8305.39, 7535.81, 7764.47, 9988.95, 10460.77, 13020.52, 11546.49, 11584.62, 13741.07, 10361.57, 12077.62, 12461.77, 12415.45, 18528.31, 19958.58
100.00, 96.56, 103.85, 115.30, 145.94, 152.48, 150.03, 143.06, 160.22, 173.05, 168.58, 163.28, 201.74, 158.43, 190.10, 236.23, 337.84, 415.14, 440.76, 506.64, 523.90, 491.36, 531.64, 540.70, 416.73, 380.88, 481.51, 490.70, 870.28, 1053.99, 812.58, 956.87, 1010.31, 1082.45, 1111.05, 1211.90, 1123.37, 954.20, 1112.54, 1364.21, 1246.19, 1443.12, 1394.91, 1220.17, 1367.26, 1696.21, 1829.09, 1927.68, 2226.53, 3307.70, 4159.40
100.00, 107.95, 128.27, 110.85, 88.68, 91.46, 94.14, 92.12, 101.58, 106.74, 131.83, 121.63, 107.53, 113.56, 159.10, 150.69, 196.16, 208.14, 213.93, 248.22, 207.75, 240.52, 217.26, 220.58, 201.21, 199.92, 146.03, 168.30, 167.14, 177.13, 161.94, 142.74, 185.12, 154.47, 196.33, 215.16, 197.26, 247.22, 320.98, 390.65, 472.86, 593.80, 889.24, 626.40, 607.59, 574.43, 607.80, 723.74, 900.72, 1052.05, 1103.02
100.00, 90.94, 83.29, 95.72, 109.63, 101.50, 117.31, 101.66, 127.51, 154.68, 173.53, 197.69, 217.58, 272.00, 261.26, 322.63, 349.04, 365.57, 557.20, 583.18, 520.39, 538.63, 655.98, 617.36, 857.70, 1055.80, 1578.83, 1709.92, 1839.88, 1782.62, 2665.97, 3136.45, 3287.81, 4411.15, 5168.31, 5722.11, 6300.18, 7346.89, 7916.28, 9147.85, 9617.27, 9617.49, 12339.50, 12973.29, 13372.48, 14385.39, 13223.87, 20834.17, 21086.58, 23808.96, 26452.42
